Brand,Model,Type
Husqvarna,TC 50,Unknown
Husqvarna,TC 65,Unknown
Husqvarna,TC 85 17/14,Unknown
Husqvarna,TC 85 19/16,Unknown
Husqvarna,TC 125,Unknown
Husqvarna,TC 250,Unknown
Husqvarna,FC 250,Unknown
Husqvarna,EE 5,Unknown
Husqvarna,TE 150,Unknown
Husqvarna,FE 250,Unknown
Husqvarna,FS 450,Unknown
Husqvarna,Svartpilen 125,Unknown
Husqvarna,701 Enduro,Unknown
Husqvarna,FC 350,Unknown
Husqvarna,TE 250,Unknown
Husqvarna,FE 350,Unknown
Husqvarna,701 Supermoto,Unknown
Husqvarna,Norden 901,Unknown
Husqvarna,FC 450,Unknown
Husqvarna,TE 300,Unknown
Husqvarna,FE 450,Unknown
Husqvarna,Vitpilen 250,Unknown
Husqvarna,Norden 901 Expedition,Unknown
Husqvarna,FE 501,Unknown
Husqvarna,Svartpilen 401,Unknown
Husqvarna,Vitpilen 401,Unknown
Husqvarna,Svartpilen 801,Unknown
KTM,50 SX,Unknown
KTM,50 SX mini,Unknown
KTM,65 SX,Unknown
KTM,85 SX 17/14,Unknown
KTM,85 SX 19/16,Unknown
KTM,125 SX,Unknown
KTM,150 SX,Unknown
KTM,250 SX,Unknown
KTM,300 SX,Unknown
KTM,RC 125,Unknown
KTM,RC 200,Unknown
KTM,RC 250,Unknown
KTM,250 Adventure,Unknown
KTM,RC 390,Unknown
KTM,390 Adventure,Unknown
KTM,125 Duke,Unknown  
KTM,200 Duke,Unknown  
KTM,250 Duke,Unknown  
KTM,390 Duke,Unknown  
KTM,620 Duke,Unknown  
KTM,640 Duke,Unknown  
KTM,690 Duke (1994-2008),Unknown
KTM,690 Duke (2008-2018),Unknown 
KTM,790 Duke,Unknown  
KTM,890 Duke,Unknown  
KTM,990 Duke,Unknown  
KTM,990 Super Duke,Unknown  
KTM,1290 Super Duke R,Unknown  
KTM,1290 Super Duke GT,Unknown  
KTM,1390 Super Duke R,Unknown  
KTM,1190 RC8,Unknown
KTM,1190 Adventure,Unknown
KTM,1290 Super Duke GT,Unknown
KTM,1290 Super Adventure R,Unknown
KTM,1290 Super Duke R (Special Edition),Unknown
KTM,690 SMC R,Unknown
KTM,KTM X-Bow R,Unknown
KTM,X-Bow RR,Unknown
KTM,X-Bow GT,Unknown
BMW,C1,Unknown
BMW,C600 Sport,Unknown
BMW,C650GT,Unknown
BMW,C400X,Unknown
BMW,C400GT,Unknown
BMW,C evolution,Unknown
BMW,CE 02,Unknown
BMW,CE 04,Unknown
BMW,F650 Funduro,Unknown
BMW,F650ST Strada,Unknown
BMW,F650GS (single),Unknown
BMW,F650GS Dakar,Unknown
BMW,F650CS Scarver,Unknown
BMW,F650GS (twin),Unknown
BMW,F700GS,Unknown
BMW,F800GS,Unknown
BMW,F800GSA,Unknown
BMW,F750GS,Unknown
BMW,F850GS,Unknown
BMW,F800GT,Unknown
BMW,F800R,Unknown
BMW,F800S,Unknown
BMW,F800ST,Unknown
BMW,F900R,Unknown
BMW,F900XR,Unknown
BMW,G310GS,Unknown
BMW,G310R,Unknown
BMW,G310RR,Unknown
BMW,G450X,Unknown
BMW,G650X series,Unknown
BMW,G650GS,Unknown
BMW,G650 Sertao,Unknown
BMW,HP2 Enduro,Unknown
BMW,HP2 Megamoto,Unknown
BMW,HP2 Sport,Unknown
BMW,HP4,Unknown
BMW,K1,Unknown
BMW,K75,Unknown
BMW,K100,Unknown
BMW,K1100RT,Unknown
BMW,K1100LT,Unknown
BMW,K1100RS,Unknown
BMW,K1200GT,Unknown
BMW,K1200LT,Unknown
BMW,K1200R,Unknown
BMW,K1200RS,Unknown
BMW,K1200S,Unknown
BMW,K1300R,Unknown
BMW,K1300S,Unknown
BMW,K1300GT,Unknown
BMW,K1600 series,Unknown
BMW,R32,Unknown
BMW,R37,Unknown
BMW,R39,Unknown
BMW,R42,Unknown
BMW,R47,Unknown
BMW,R52,Unknown
BMW,R57,Unknown
BMW,R62,Unknown
BMW,R63,Unknown
BMW,R11,Unknown
BMW,R16,Unknown
BMW,R2,Unknown
BMW,R4,Unknown
BMW,R7,Unknown
BMW,R12,Unknown
BMW,R17,Unknown
BMW,R3,Unknown
BMW,R5,Unknown
BMW,R6,Unknown
BMW,R20,Unknown
BMW,R35,Unknown
BMW,R23,Unknown
BMW,R51,Unknown
BMW,R61,Unknown
BMW,R66,Unknown
BMW,R71,Unknown
BMW,R36,Unknown
BMW,R75,Unknown
BMW,R10,Unknown
BMW,R24,Unknown
BMW,R51/2,Unknown
BMW,R25,Unknown
BMW,R67,Unknown
BMW,R25/2,Unknown
BMW,R51/3,Unknown
BMW,R67/2,Unknown
BMW,R68,Unknown
BMW,RS54,Unknown
BMW,R25/3,Unknown
BMW,R50,Unknown
BMW,R60,Unknown
BMW,R26,Unknown
BMW,R27,Unknown
BMW,R50/2,Unknown
BMW,R60/2,Unknown
BMW,R50S,Unknown
BMW,R69S,Unknown
BMW,R45,Unknown
BMW,R90S,Unknown
BMW,R100,Unknown
BMW,R65,Unknown
BMW,R80G/S,Unknown
BMW,R850GS,Unknown
BMW,R100GS,Unknown
BMW,R1100RS,Unknown
BMW,R1100GS,Unknown
BMW,R1100R,Unknown
BMW,R1100RT,Unknown
BMW,R1100S,Unknown
BMW,R1150GS,Unknown
BMW,R1150GSA,Unknown
BMW,R1150R,Unknown
BMW,R1200GS,Unknown
BMW,R1200S,Unknown
BMW,R1200ST,Unknown
BMW,R1200RT,Unknown
BMW,R1200R,Unknown
BMW,R nineT,Unknown
BMW,R1250GS,Unknown
BMW,R1250RS,Unknown
BMW,R1250RT,Unknown
BMW,R1300GS,Unknown
BMW,R12 (2024),Unknown
BMW,S1000RR,Unknown
BMW,S1000XR,Unknown
BMW,M1000RR,Unknown
Kawasaki,Ninja 125,Unknown
Kawasaki,Ninja 250R,Unknown
Kawasaki,Ninja 250SL,Unknown
Kawasaki,Ninja 300,Unknown
Kawasaki,Ninja 400,Unknown
Kawasaki,Ninja 500,Unknown
Kawasaki,Ninja 500R,Unknown
Kawasaki,Ninja 600R,Unknown
Kawasaki,Ninja 650R,Unknown
Kawasaki,Ninja 1000,Unknown
Kawasaki,Ninja ZX-2R,Unknown
Kawasaki,Ninja ZX-4R,Unknown
Kawasaki,Ninja ZX-6R,Unknown
Kawasaki,Ninja ZX-7R,Unknown
Kawasaki,Ninja ZX-9R,Unknown
Kawasaki,Ninja ZX-10R,Unknown
Kawasaki,Ninja ZX-11,Unknown
Kawasaki,Ninja ZX-12R,Unknown
Kawasaki,Ninja ZX-14,Unknown
Kawasaki,Ninja H2,Unknown
Kawasaki,Ninja H2 SX,Unknown
Kawasaki,Ninja H2R,Unknown
Kawasaki,Ninja ZX-RR,Unknown
Kawasaki,Z125,Unknown
Kawasaki,Z125 PRO,Unknown
Kawasaki,Z250,Unknown
Kawasaki,Z250SL,Unknown
Kawasaki,Z300,Unknown
Kawasaki,Z400,Unknown
Kawasaki,Z500,Unknown
Kawasaki,Z650,Unknown
Kawasaki,Z750,Unknown
Kawasaki,Z800,Unknown
Kawasaki,Z900,Unknown
Kawasaki,Z900RS,Unknown
Kawasaki,Z1000,Unknown
Kawasaki,Z1100,Unknown
Kawasaki,Z1300,Unknown
Kawasaki,Z H2,Unknown
Kawasaki,Versys-X 250,Unknown
Kawasaki,Versys-X 300,Unknown
Kawasaki,Versys 650,Unknown
Kawasaki,Versys 1000,Unknown
Kawasaki,Versys 1100,Unknown
Kawasaki,Vulcan S,Unknown
Kawasaki,Vulcan 500 LTD,Unknown
Kawasaki,Vulcan 750,Unknown
Kawasaki,Vulcan 800 Drifter,Unknown
Kawasaki,Vulcan 900 Classic,Unknown
Kawasaki,Vulcan 1500 Drifter,Unknown
Kawasaki,Vulcan 1600,Unknown
Kawasaki,Vulcan 1700,Unknown
Kawasaki,Vulcan 2000,Unknown
Kawasaki,ZZR250,Unknown
Kawasaki,ZZR400,Unknown
Kawasaki,ZZR600,Unknown
Kawasaki,ZZR1100,Unknown
Kawasaki,ZZR1200,Unknown
Kawasaki,ZZR1400,Unknown
Kawasaki,KLR250,Unknown
Kawasaki,KLR650,Unknown
Kawasaki,KLX250S,Unknown
Kawasaki,KLX450R,Unknown
Kawasaki,KX80,Unknown
Kawasaki,KX100,Unknown
Kawasaki,KX125,Unknown
Kawasaki,KX250F,Unknown
Kawasaki,KX450F,Unknown
Kawasaki,KX500,Unknown
Kawasaki,A1 Samurai 250,Unknown
Kawasaki,A7 Avenger 350,Unknown
Kawasaki,B1-125cc,Unknown
Kawasaki,B85,Unknown
Kawasaki,D1 100,Unknown
Kawasaki,Eliminator 125,Unknown
Kawasaki,ER-5,Unknown
Kawasaki,Fury 125,Unknown
Kawasaki,GTO 125,Unknown
Kawasaki,H1 Mach III 500,Unknown
Kawasaki,H2 Mach IV 750,Unknown
Kawasaki,KH500,Unknown
Kawasaki,KH400,Unknown
Kawasaki,KH125,Unknown
Kawasaki,KSR110,Unknown
Kawasaki,S1 Mach I 250,Unknown
Kawasaki,S2 Mach II 350,Unknown
Kawasaki,ZRX1200R,Unknown
Kawasaki,Concours 14,Unknown
Kawasaki,GTR1000,Unknown
Kawasaki,Concours 14,Unknown
Kawasaki,Voyager 1700,Unknown
GASGAS,MC 50,Unknown
GASGAS,MC 65,Unknown
GASGAS,MC 85 17/14,Unknown
GASGAS,MC 85 19/16,Unknown
GASGAS,MC 125,Unknown
GASGAS,MC 150,Unknown
GASGAS,MC 250,Unknown
GASGAS,MC 300,Unknown
GASGAS,MC 250F,Unknown
GASGAS,MC 350F,Unknown
GASGAS,MC 450F,Unknown
GASGAS,MC 250F Factory Edition,Unknown
GASGAS,MC 450F Factory Edition,Unknown
GASGAS,EC 250,Unknown
GASGAS,EC 300,Unknown
GASGAS,EC 300 GP,Unknown
GASGAS,EC 450F,Unknown
GASGAS,ES 350,Unknown
GASGAS,ES 500,Unknown
GASGAS,EW 500F,Unknown
GASGAS,EX 250F,Unknown
GASGAS,EX 350F,Unknown
GASGAS,EX 450F,Unknown
GASGAS,EX 300,Unknown
GASGAS,TXT 50 Boy,Unknown
GASGAS,TXT 125 Racing,Unknown
GASGAS,TXT 250 Racing,Unknown
GASGAS,TXT 280 Racing,Unknown
GASGAS,TXT 300 Racing,Unknown
GASGAS,TXT 250 Contact,Unknown
GASGAS,MC-E 2,Unknown
GASGAS,MC-E 3,Unknown
GASGAS,MC-E 5,Unknown
GASGAS,SM 700,Unknown
GASGAS,ES 700,Unknown
GASGAS,Halley,Unknown
GASGAS,EC50 Boy,Unknown
CFMoto,XO PAPIO TRAIL,Unknown
CFMoto,XO PAPIO RACER,Unknown
CFMoto,PAPIO NOVA,Unknown
CFMoto,PAPIO NOVA+,Unknown
CFMoto,ST PAPIO,Unknown
CFMoto,PAPIO CL,Unknown
CFMoto,PAPIO SS,Unknown
CFMoto,150 NK,Unknown
CFMoto,250 NK,Unknown
CFMoto,250 SR,Unknown
CFMoto,300 SR,Unknown
CFMoto,250 SR-FUN,Unknown
CFMoto,250 CL-X,Unknown
CFMoto,CF250J,Unknown
CFMoto,300 CL-X,Unknown
CFMoto,300 SR,Unknown
CFMoto,300SS,Unknown
CFMoto,300 NK,Unknown
CFMoto,400 NK,Unknown
CFMoto,CF400J-3,Unknown
CFMoto,450 CL-C,Unknown
CFMoto,450 SR,Unknown
CFMoto,450 SS,Unknown
CFMoto,450 NK,Unknown
CFMoto,450 MT (New),Unknown
CFMoto,650NK,Unknown
CFMoto,400 GT,Unknown
CFMoto,500 SR,Unknown
CFMoto,650 GT,Unknown
CFMoto,650 MT,Unknown
CFMoto,650 TR-G,Unknown
CFMoto,CF650G,Unknown
CFMoto,CF650J-2B,Unknown
CFMoto,CF650J-3B,Unknown
CFMoto,675 SR-R,Unknown
CFMoto,700 CL-X Heritage,Unknown
CFMoto,700 CL-X Sport,Unknown
CFMoto,700 CL-X Adventure,Unknown
CFMoto,700 MT Touring,Unknown
CFMoto,800 MT-X,Unknown
CFMoto,800 MT Sport (IBEX 800 S in USA),Unknown
CFMoto,800 MT Touring (IBEX 800 T in USA),Unknown
CFMoto,800 MT Explore,Unknown
CFMoto,800 MT N39°,Unknown
CFMoto,800 NK Advanced,Unknown
CFMoto,CF800J-5A,Unknown
CFMoto,1250 TR-G,Unknown
CFMoto,CF1250J,Unknown
CFMoto,ZH5000DTJ-A,Unknown
CFMoto,CF10500DJ-B,Unknown
CFMoto,CFORCE 110,Unknown
CFMoto,CFORCE 400,Unknown
CFMoto,CF400AZ-3L,Unknown
CFMoto,CFORCE 500,Unknown
CFMoto,CFORCE 600,Unknown
CFMoto,CFORCE 600 Touring,Unknown
CFMoto,CF600AU-3L,Unknown
CFMoto,CFORCE 800,Unknown
CFMoto,CFORCE 800 XC,Unknown
CFMoto,CFORCE 800 Touring,Unknown
CFMoto,CF800AU-2A,Unknown
CFMoto,CFORCE 1000 Overland,Unknown
CFMoto,CFORCE 1000 Touring,Unknown
CFMoto,CF1000AU,Unknown
CFMoto,UFORCE 600,Unknown
CFMoto,UFORCE 1000,Unknown
CFMoto,UFORCE 1000 XL,Unknown
CFMoto,CF1000UU,Unknown
CFMoto,CF1000UU-2,Unknown
CFMoto,CF1000US-J,Unknown
CFMoto,ZFORCE 800 Trail,Unknown
CFMoto,ZFORCE 950 Trail,Unknown
CFMoto,ZFORCE 950 Sport,Unknown
CFMoto,ZFORCE 950 Sport 4,Unknown
CFMoto,ZFORCE 950 H.O. Sport,Unknown
CFMoto,ZFORCE 950 H.O. EX,Unknown
CFMoto,ZFORCE Z10 (2-seater),Unknown
CFMoto,ZFORCE Z10-4 (4-seater),Unknown
Royal Enfield,Bullet,Unknown
Royal Enfield,Classic,Unknown
Royal Enfield,Hunter,Unknown
Royal Enfield,Shotgun,Unknown
Royal Enfield,Scram,Unknown
Royal Enfield,Himalayan,Unknown
Royal Enfield,Interceptor 650,Unknown
Royal Enfield,Continental GT 650,Unknown
Royal Enfield,Meteor 350/650,Unknown
Royal Enfield,Guerrilla,Unknown
Royal Enfield,Bear 650,Unknown
Aprilia,RS125R,Motocross
Aprilia,RSV 250,Motocross
Aprilia,RSW-2 500,Motocross
Aprilia,RS Cube,Motocross
Aprilia,RSV4 1100 Factory 2019,Unknown
Aprilia,AF1,Unknown
Aprilia,AF1 250,Unknown
Aprilia,Area 51,Unknown
Aprilia,RS660,Unknown
Aprilia,SXR,Unknown
Aprilia,Dorsoduro,Unknown
Aprilia,Mana 850,Unknown
Aprilia,Mojito,Unknown
Aprilia,RS-GP,Unknown
Aprilia,RS Cube,Unknown
Aprilia,RS4 125,Unknown
Aprilia,RS50,Unknown
Aprilia,RS125,Unknown
Aprilia,RS250,Unknown
Aprilia,RST1000 Futura,Unknown
Aprilia,RSV 1000 R,Unknown
Aprilia,RSV Mille,Unknown
Aprilia,RSW-2 500,Unknown
Aprilia,RX 50,Unknown
Aprilia,SX 50,Unknown
Aprilia,RXV/SXV,Unknown
Aprilia,Scarabeo,Unknown
Aprilia,SL 750 Shiver,Unknown
Aprilia,SL1000 Falco,Unknown
Aprilia,Gilera Nexus,Unknown
Aprilia,SR GT,Unknown
Aprilia,SR50,Unknown
Aprilia,Tuareg 660,Unknown
Aprilia,Tuono,Unknown
Aprilia,Tuono 1000R,Unknown
Aprilia,RSV4 RF,Unknown
Aprilia,RSV4 X,Unknown
Aprilia,RSV4 RR,Unknown
Aprilia,RS-GP,Motocross
Benelli,175 Super Sport monoalbero,Unknown
Benelli,175 Super Sport bialbero,Unknown
Benelli,250 Bialbero Sport,Unknown
Benelli,250 Single DOHC Compressor,Unknown
Benelli,250 4C Compressor,Unknown
Benelli,250 Single GP DOHC,Unknown
Benelli,125 Leoncino Corsa,Unknown
Benelli,60 Single DOHC,Unknown
Benelli,250 4C,Unknown
Benelli,350 4C,Unknown
Benelli,500 4C,Unknown
Benelli,Tornado Tre 900 WSBK,Unknown
Benelli,Tornado 650,Unknown
Benelli,Mojave 260,Unknown
Benelli,Mojave 360,Unknown
Benelli,Buzzer,Unknown
Benelli,Hurricane,Unknown
Benelli,Dynamo,Unknown
Benelli,Hornet,Unknown
Benelli,Volcano,Unknown
Benelli,BN 125,Unknown
Benelli,TNT 125,Unknown
Benelli,TNT 135,Unknown
Benelli,150S,Unknown
Benelli,180S,Unknown
Benelli,TNT 150i,Unknown
Benelli,TNT 25,Unknown
Benelli,TNT BN251,Unknown
Benelli,TNT 300,Unknown
Benelli,TNT 302S,Unknown
Benelli,TNT 600,Unknown
Benelli,752S,Unknown
Benelli,502 Cruiser (502C),Unknown
Benelli,302R,Sport
Benelli,TRK 251,Touring
Benelli,TRK 502,Touring
Benelli,TRK 502 X,Touring
Benelli,TNT 600 GT,Touring
Benelli,Imperiale 400ES,Unknown
Benelli,Leoncino 250,Unknown
Benelli,Leoncino 500 / Leoncino 500 E5,Unknown
Benelli,Leoncino 500 Trail / Leoncino 500 Trail E5,Unknown
Benelli,Leoncino 500 Sport,Unknown
Benelli,Leoncino 800,Unknown
Benelli,Leoncino 800 Trail,Unknown
Benelli,Caffenero 150,Unknown
Benelli,Panarea 125,Unknown
Benelli,Zafferano 250,Unknown
Benelli,RFS 150i,Unknown
Benelli,R18i,Unknown
Ducati,Monster 620,Unknown
Ducati,Monster 695,Unknown
Ducati,Monster 696,Unknown
Ducati,Monster 750,Unknown
Ducati,Monster 796,Unknown
Ducati,Monster 900,Unknown
Ducati,Mosnter S2R,Unknown
Ducati,Monster S4R,Unknown
Ducati,Streetfighter S,Unknown
Ducati,ST2,Unknown
Ducati,ST3,Unknown
Ducati,ST4,Unknown
Ducati,Paul Smart 1000LE,Unknown
Ducati,SuperSport 750,Unknown
Ducati,SuperSport 900,Unknown
Ducati,SuperSport 1000,Unknown
Ducati,748,Unknown
Ducati,749,Unknown
Ducati,848,Unknown
Ducati,996,Unknown
Ducati,998,Unknown
Ducati,999,Unknown
Ducati,1098,Unknown
Ducati,1098S,Unknown
Ducati,1098R,Unknown
Ducati,1198,Unknown
Ducati,Desmosedici RR,Unknown
Ducati,Monster,Unknown
Ducati,Monster+,Unknown
Ducati,Monster 821,Unknown
Ducati,Monster 821 Stealth,Unknown
Ducati,Monster 1200,Unknown
Ducati,Monster 1200 S,Unknown
Moto Guzzi,G.P. 500,Unknown
Moto Guzzi,Normale,Unknown
Moto Guzzi,Sport,Sport
Moto Guzzi,GT Norge,Unknown
Moto Guzzi,Sport 14,Sport 14
Moto Guzzi,Tre Cilindri,Unknown
Moto Guzzi,GT 16,Unknown
Moto Guzzi,Sport 15,Sport 15
Moto Guzzi,GT 17 500 cc,Unknown
Moto Guzzi,GTS,Unknown
Moto Guzzi,Alce,Unknown
Moto Guzzi,Egretta,Unknown
Moto Guzzi,Airone,Unknown
Moto Guzzi,Motoleggera 65 cc,Unknown
Moto Guzzi,Superalce,Unknown
Moto Guzzi,Astore,Unknown
Moto Guzzi,Falcone,Unknown
Moto Guzzi,Galletto 160/175/192,Unknown
Moto Guzzi,Cardellino 65,Unknown
Moto Guzzi,Cardellino 73,Unknown
Moto Guzzi,Cardellino 83,Unknown
Moto Guzzi,Zigolo,Unknown
Moto Guzzi,Lodola Sport,Lodola Sport
Moto Guzzi,Stornello 125/160,Unknown
Moto Guzzi,Dingo 3 marce,Unknown
Moto Guzzi,Dingo 4 marce,Unknown
Moto Guzzi,Trotter Special M,Unknown
Moto Guzzi,V7 700cc,Unknown
Moto Guzzi,V750 Ambassador/V750 Special,Unknown
Moto Guzzi,V7 750 Sport,V7 750 Sport
Moto Guzzi,850 T (Interceptor),Unknown
Moto Guzzi,850 T3,Unknown
Moto Guzzi,850 Eldorado/850GT/California,Unknown
Moto Guzzi,Nuovo Falcone 500,Unknown
Moto Guzzi,Le Mans 850,Unknown
Moto Guzzi,850 Le Mans II,Unknown
Moto Guzzi,1000 SP,Unknown
Moto Guzzi,V35,Unknown
Moto Guzzi,V35 II,Unknown
Moto Guzzi,V35 Imola,Unknown
Moto Guzzi,V35 C,Unknown
Moto Guzzi,V35 III,Unknown
Moto Guzzi,V50,Unknown
Moto Guzzi,V50 II,Unknown
Moto Guzzi,V50 Monza,Unknown
Moto Guzzi,V50 III,Unknown
Moto Guzzi,V50 C,Unknown
Moto Guzzi,V1000 I-Convert,Unknown
Moto Guzzi,V1000 G5,Unknown
Moto Guzzi,Le Mans III,Unknown
Moto Guzzi,California II,Unknown
Moto Guzzi,V65,Unknown
Moto Guzzi,V65 SP,Unknown
Moto Guzzi,V35 Custom,Unknown
Moto Guzzi,850 T5,Unknown
Moto Guzzi,V65 Lario,Unknown
Moto Guzzi,Le Mans 1000,Unknown
Moto Guzzi,California III,Unknown
Moto Guzzi,Mille GT & Strada,Unknown
Moto Guzzi,Nevada 350,Unknown
Moto Guzzi,Daytona 1000 IE,Unknown
Moto Guzzi,Quota 1000,Unknown
Moto Guzzi,750 Strada,Unknown
Moto Guzzi,1000 Strada,Unknown
Moto Guzzi,1100 Sport,1100 Sport
Moto Guzzi,V10 Centauro,Unknown
Moto Guzzi,Quota 1100 ES,Unknown
Moto Guzzi,V11/V11 Sport/V11 Le Mans,V11/V11 Sport/V11 Le Mans
Moto Guzzi,Bellagio,Unknown
Moto Guzzi,Griso 1200 8V,Unknown
Moto Guzzi,Stelvio 1200,Unknown
Moto Guzzi,1200 Sport 4v,1200 Sport 4v
Moto Guzzi,Breva V1200,Unknown
Moto Guzzi,Stelvio 1200 NTX,Unknown
Moto Guzzi,California Aqulia Nera,Unknown
Moto Guzzi,Nevada 750 Aquila,Unknown
Moto Guzzi,Nevada 750 Anniversario,Unknown
Moto Guzzi,Nevada 750 Classic,Unknown
Moto Guzzi,Norge 1200 8v,Unknown
Moto Guzzi,1200 Sport Corsa 8v,Unknown
Moto Guzzi,California 1400 Custom,Unknown
Moto Guzzi,California 1400 Touring,Unknown
Moto Guzzi,C2V,Unknown
Moto Guzzi,C4V,Unknown
Moto Guzzi,250 SS,Unknown
Moto Guzzi,250 Compressore,Unknown
Moto Guzzi,GT2VT,Unknown
Moto Guzzi,Albatros,Unknown
Moto Guzzi,Cicogna,Unknown
Moto Guzzi,Bicilindrica,Unknown
Moto Guzzi,Dondolino,Unknown
Moto Guzzi,Gambalunga,Unknown
Moto Guzzi,Gambalunghino,Unknown
Moto Guzzi,Quattro Cilindri,Unknown
Moto Guzzi,Bialbero,Unknown
Moto Guzzi,Otto Cilindri,Unknown
Moto Guzzi,V7 Record,Unknown
Moto Guzzi,MGS-01 Corsa,Unknown
Moto Guzzi,Bellagio (936 cc),Unknown
Moto Guzzi,Breva 750,Unknown
Moto Guzzi,Breva 850 (877 cc),Unknown
Moto Guzzi,Breva 1100/1100 ABS (1064 cc),Unknown
Moto Guzzi,California California 1400 Touring (1380 cc),Unknown
Moto Guzzi,California 1400 Touring (1380 cc),Unknown
Moto Guzzi,California 1400 Custom (1380 cc),Unknown
Moto Guzzi,Audace (1380 cc),Unknown
Moto Guzzi,Griso Griso 1100 (1064 cc),Unknown
Moto Guzzi,Griso 1100 (1064 cc),Unknown
Moto Guzzi,Griso 8Votorcycle,Unknown
Moto Guzzi,Griso 850 (877 cc),Unknown
Moto Guzzi,Nevada Classic 750 i.e.(744 cc),Unknown
Moto Guzzi,Norge Norge 850 (877 cc),Unknown
Moto Guzzi,Norge 850 (877 cc),Unknown
Moto Guzzi,Norge 1200 (1134 cc),Unknown
Moto Guzzi,Stelvio 1200 (1134 cc),Unknown
Moto Guzzi,1200 Sport,Unknown
Moto Guzzi,1200 Sport ABS (1151 cc),Unknown
Moto Guzzi,MGS-01 Corsa (1222 cc),Unknown
Moto Guzzi,G.T. 17 (500 cc) 1932 - 1939,Unknown
Moto Guzzi,G.T. 20 (500 cc) 1938,Unknown
Moto Guzzi,Alce (500 cc) 1939 - 1945,Unknown
Moto Guzzi,Trialce (500 cc) (motocarro) 1940 - 1943,Unknown
Moto Guzzi,Superalce (500 cc) 1946 - 1957,Unknown
Moto Guzzi,Falcone militare (500 cc) 1950 - 1967,Unknown
Moto Guzzi,Airone militare (250 cc) 1940 - 1957,Unknown
Moto Guzzi,Autoveicolo da montagna 3 X 3 (754 cc) 1960 - 1963,Unknown
Moto Guzzi,Nuovo Falcone militare (500 cc) 1970 - 1976,Unknown
Moto Guzzi,V 50 PA 1983 - 20..,Unknown
Moto Guzzi,750 NTX (750 cc) 1990 - 20..,Unknown
Moto Guzzi,Breva 750 2006 Municipal Police Model,Unknown
MV Agusta,F4 750 S (2000),Unknown
MV Agusta,F4 750 S 1+1 (2000),Unknown
MV Agusta,F4 750 S Evo 02 (2002),Unknown
MV Agusta,F4 750 S Evo 02 1+1 (2002),Unknown
MV Agusta,F4 750 S Evo 03 (2003),Unknown
MV Agusta,F4 750 S Evo 03 1+1 (2003),Unknown
MV Agusta,F4 Serie Oro (1999-2002),Unknown
MV Agusta,F4 750 S Neiman Marcus Edition (2000),Unknown
MV Agusta,F4 Senna 750 (2002),Unknown
MV Agusta,F4 SPR (2004),Unknown
MV Agusta,F4 SP (2004),Unknown
MV Agusta,F4 SP-01 Viper (2002) (SP-01),Unknown
MV Agusta,Brutale 750 S (2002),Unknown
MV Agusta,Brutale 750 Serie Oro (2002),Unknown
MV Agusta,Brutale America (2005) SP-05 (basic),Unknown
MV Agusta,Brutale America (2005) SP-06 (full options),Unknown
MV Agusta,Brutale CRC (2005) SP-07 (basic),Unknown
MV Agusta,Brutale CRC (2005) SP-08 (full options),Unknown
MV Agusta,Brutale Mamba (2006) SP-09 (basic),Unknown
MV Agusta,Brutale Mamba (2006) SP-10 (full options),Unknown
MV Agusta,Brutale Mamba (2006) SP-11 (standard),Unknown
MV Agusta,Brutale Gladio (2006) SP-12 (basic),Unknown
MV Agusta,SP-13 (full options),Unknown
MV Agusta,920 cc,Unknown
MV Agusta,Brutale 920 (2011),Unknown
MV Agusta,675 cc,Unknown
MV Agusta,Brutale 675 (2012),Unknown
MV Agusta,F3 675 (2013),Unknown
MV Agusta,F3 Serie Oro (2013),Unknown
MV Agusta,F3 675 RC (2018),Unknown
MV Agusta,F4,Unknown
MV Agusta,Brutale,Unknown
MV Agusta,F3,Unknown
MV Agusta,Rivale,Unknown
MV Agusta,Dragster 800,Unknown
MV Agusta,Stradale 800,Unknown
MV Agusta,Turismo Veloce 800,Unknown
MV Agusta,RVS#1,Unknown
MV Agusta,Superveloce 800,Unknown
MV Agusta,Rush 1000,Unknown
MV Agusta,98 cc 1946-1949,Unknown
MV Agusta,125 twin 1947,Unknown
MV Agusta,125 3-speed 1948-1949,Unknown
MV Agusta,125 TEL 1949-1954,Unknown
MV Agusta,125 CSL scooter 1949-1951,Unknown
MV Agusta,98/125 two-stroke 1946-1949,Unknown
MV Agusta,125 Bialbero 1950-1960,Unknown
MV Agusta,125 Monoalbero 1953-1956,Unknown
MV Agusta,125 disc valve 1965,Unknown
MV Agusta,175 CSS-5V 1954-1960,Unknown
MV Agusta,175 Bialbero 1952-1958,Unknown
MV Agusta,203 Bialbero 1955,Unknown
MV Agusta,220 Bialbero 1955,Unknown
MV Agusta,250 Monocilindrica Bialbero 1956-1959,Unknown
MV Agusta,250 Bicilindrica 1959-1961,Unknown
MV Agusta,350 four 1954-1964,Unknown
MV Agusta,350 twin 1957,Unknown
MV Agusta,350 six 1957,Unknown
MV Agusta,350 three 1965-1973,Unknown
MV Agusta,350 six 1968,Unknown
MV Agusta,350 four 1972-1976,Unknown
MV Agusta,500 four 1950-1966,Unknown
MV Agusta,500 three 1966-1973,Unknown
MV Agusta,500 four 1973-1976,Unknown
MV Agusta,500 six 1957-1958,Unknown
MV Agusta,F4 750 S (2000),Unknown
MV Agusta,F4 750 S 1+1 (2000),Unknown
MV Agusta,F4 750 S Evo 02 (2002),Unknown
MV Agusta,F4 750 S Evo 02 1+1 (2002),Unknown
MV Agusta,F4 750 S Evo 03 (2003),Unknown
MV Agusta,F4 750 S Evo 03 1+1 (2003),Unknown
MV Agusta,Rivale (2013),Unknown
MV Agusta,Dragster 800 (2014),Unknown
MV Agusta,Dragster 800 RR (2015),Unknown
MV Agusta,Dragster 800 RR SCS (2020),Unknown
MV Agusta,Dragster 800 Rosso (2020),Unknown
MV Agusta,Stradale 800 (2015),Unknown
MV Agusta,Turismo Veloce (2015),Unknown
MV Agusta,Turismo Veloce Lusso (2018),Unknown
MV Agusta,Turismo Veloce Lusso SCS (2018),Unknown
MV Agusta,Turismo Veloce 800 Rosso (2020),Unknown
MV Agusta,RVS#1 (2019),Unknown
MV Agusta,Superveloce 800 (2020),Unknown
MV Agusta,Superveloce 800 (2021),Unknown
MV Agusta,Rush 1000 (2020),Unknown
Honda,Beat (FC50),Unknown
Honda,Super Cub C100,Unknown
Honda,Super Cub CA100,Unknown
Honda,Super Cub C102,Unknown
Honda,Super Cub C50,Unknown
Honda,Sports Cub C110,Unknown
Honda,Sports Cub C111,Unknown
Honda,Sports Cub C1100,Unknown
Honda,Sports Cub C114,Unknown
Honda,Sports Cub CA110,Unknown
Honda,CB50,Unknown
Honda,Dio,Unknown
Honda,Elite E (SB50),Unknown
Honda,Elsinore (MR50),Unknown
Honda,Express (NC50),Unknown
Honda,Hunter Cub (CT50),Unknown
Honda,Joker,Unknown
Honda,Julio,Unknown
Honda,MB5,Unknown
Honda,MB50,Unknown
Honda,Melody NB50,Unknown
Honda,Melody ND50,Unknown
Honda,Melody NP50,Unknown
Honda,Melody NS50,Unknown
Honda,Metropolitan Jazz (CHF 50),Unknown
Honda,Metropolitan II (CHF50P),Unknown
Honda,Motra (CT50),Unknown
Honda,MT5,Unknown
Honda,MT50,Unknown
Honda,MTX50,Unknown
Honda,MTX50R,Unknown
Honda,NCZ50 also known as Motocompo,Unknown
Honda,Spree (NQ50),Unknown
Honda,Mini Trail (Z50A),Unknown
Honda,Mini Trail (Z50M),Unknown
Honda,Mini Trail (Z50R),Unknown
Honda,Mini Trail (Z50J),Unknown
Honda,Moped (P50-P25),Unknown
Honda,Moped (PA50-Hobbit-Camino),Unknown
Honda,Moped (PF50/Amigo),Unknown
Honda,Moped (PC50-PS50),Unknown
Honda,Moped (SFX50),Unknown
Honda,Moped (SH50),Unknown
Honda,Moped (X8RS),Unknown
Honda,SGX50 (Sky),Unknown
Honda,SS50,Unknown
Honda,Trail 50 C100H,Unknown
Honda,Trail 50 C100T,Unknown
Honda,Trail 50 CA100T,Unknown
Honda,XR50R,Unknown
Honda,ZB50,Unknown
Honda,Zoomer/Ruckus (NPS50),Unknown
Honda,AC15,Unknown
Honda,Super Cub C105,Unknown
Honda,Super Cub CD105,Unknown
Honda,Sports Cub C115(Canada Only),Unknown
Honda,Trail 55 (C105H-C105T-CA105T),Unknown
Honda,Super Cub C65-S65,Unknown
Honda,C70 Passport-CD70,Unknown
Honda,Motosport (SL70),Motosport (SL70)
Honda,Motosport (XL70),Motosport (XL70)
Honda,ST70,Unknown
Honda,CT70 Trail 70,Unknown
Honda,Scrambler (CL70),Unknown
Honda,XL80,Unknown
Honda,Aero 80 (NH80),Unknown
Honda,XR80,Unknown
Honda,CR85R Expert,Unknown
Honda,Super Cub C90 (12 volt),Unknown
Honda,Super Cub CM90,Unknown
Honda,Trail 90 C200,Unknown
Honda,Trail 90 (CT200),Unknown
Honda,Super Cub CM91,Unknown
Honda,Super Cub C90 (6 volt),Unknown
Honda,Super Cub CD90,Unknown
Honda,Trail 90 (CT90),Unknown
Honda,S90 CS90,Unknown
Honda,Sport 90,Unknown 
Honda,S90 Super 90,Unknown
Honda,Super Cub C100EX,Unknown
Honda,Astrea Prima (C100EX),Unknown
Honda,Astrea Grand,Unknown
Honda,Astrea Impressa,Unknown
Honda,Dream 100,Unknown
Honda,Astrea Legenda (C100EX),Unknown
Honda,Astrea Supra 100 Series (C100EX),Unknown
Honda,SupraFit,Unknown
Honda,FitX,Unknown
Honda,Wave 100,Unknown 
Honda,Bravo (NF100),Unknown
Honda,Revo 100 (NF100),Unknown
Honda,D-Type/Dream,Unknown
Honda,Shine 100,Unknown
Honda,CB100 K0,Unknown
Honda,CB100 K1,Unknown
Honda,CB100 K2,Unknown
Honda,CB100 K3,Unknown
Honda,CB100 K4,Unknown
Honda,CB100 K5,Unknown
Honda,CB100N,Unknown
Honda,Scrambler (CL100),Unknown
Honda,H100S Super,Unknown
Honda,Bali also known as SJ 100,Unknown
Honda,Dio/Lead,Unknown
Honda,Trail 110 (CT110),Unknown
Honda,GL-100 ASIA,Unknown
Honda,Tena,Unknown
Honda,Activa,Unknown
Honda,Blade 110R,Unknown
Honda,WaveDash 110R,Unknown
Honda,CZ-i (NF11A),Unknown
Honda,Aviator,Unknown
Honda,Revo 110 series,Unknown
Honda,Wave 110 Series (NF110),Unknown
Honda,CB Twister,Unknown
Honda,CB110,Unknown
Honda,Dream Yuga/Dream Neo,Unknown
Honda,iCON / BeAT 110 AT Series,Unknown
Honda,CD 110 Dream DX,Unknown
Honda,Livo,Unknown
Honda,Navi,Unknown
Honda,S110 Benly,Unknown
Honda,Scoopy AT,Unknown
Honda,Spacy AT,Unknown
Honda,Super Cub 110,Unknown
Honda,Astrea Grand 110i,Unknown
Honda,Honda Vario AT / CLICK AT,Unknown
Honda,Honda Vario TECHNO AT,Unknown
Honda,XRM,Unknown
Honda,CB125,Unknown
Honda,XL125,Unknown
Honda,MT125R,Unknown
Honda,Shine 125,Unknown
Honda,SP 125,Unknown
Honda,Benly C92,Unknown
Honda,Benly CA92,Unknown 
Honda,Benly CB92,Unknown
Honda,CB125E,Unknown
Honda,CD125TC Benly,Unknown
Honda,CB125TD Super dream,Unknown
Honda,Giorno+,Unknown
Honda,GL-125,Unknown
Honda,GL-Max 125 (CB125JX),Unknown
Honda,GL-Max NeoTech 1250 (GL-125),Unknown
Honda,Super Sport (CG125),Unknown
Honda,CLR125,Unknown
Honda,CityFly,Unknown
Honda,CM125,Unknown
Honda,Nova Dash RS,Unknown
Honda,Kirana (NF125 KPH),Unknown
Honda,Karisma (NF125 KPH),Unknown
Honda,Supra X 125 (NF125 KPH),Unknown
Honda,New Supra X 125 Fi (NF125 KYZ),Unknown
Honda,Blade 125 Fi (NF125 KYZ),Unknown
Honda,Nova Sonic RS125,Unknown
Honda,Elsinore (CR125M),Unknown
Honda,Juno M80,Unknown
Honda,Honda LS125R,Unknown
Honda,Activa 125,Unknown
Honda,Honda NS125,Unknown
Honda,NSR125 (JC20-JC21),Unknown
Honda,Scrambler (CL125),Unknown
Honda,Super Cub (C125),Unknown
Honda,Varadero (XL125V),Unknown
Honda,Aero & Lead (NH125),Unknown
Honda,CBR125,Unknown
Honda,CR93,Unknown
Honda,Atlas Honda CG125,Unknown
Honda,Dylan 125,Unknown
Honda,Innova (ANF125),Unknown
Honda,Pantheon FES125,Unknown
Honda,PCX125,Unknown
Honda,RC143,Unknown
Honda,Shadow,Unknown
Honda,Vario 125 / Click 125 / AirBlade 125,Unknown
Honda,Grom,Unknown
Honda,Monkey,Unknown
Honda,Trail 125 ABS,Unknown
Honda,Super Sport (CB125),Super Sport (CB125)
Honda,Super Sport (SS125),Super Sport (SS125)
Honda,GL-PRO (GL-145),Unknown
Honda,GL-PRO Black Engine (GL-145 Black),Unknown
Honda,Honda Dream E-Type,Unknown
Honda,Honda Dream 3E,Unknown
Honda,CRF150L,Unknown
Honda,CRF150R,Unknown
Honda,CRF150R Expert,Unknown
Honda,CRF150F,Unknown
Honda,Unicorn Dazzler,Unknown
Honda,Trigger/CB150,Unknown
Honda,CB150R (K15),Unknown
Honda,Verza/CB150 Verza (GL150),Unknown
Honda,New Mega Pro (GL150),Unknown
Honda,CBR150R,Unknown
Honda,CBR150R K45,Unknown
Honda,Winner 150 / Supra 150 GTR / RS150R,Unknown
Honda,Winner X / RS-X,Unknown
Honda,Pantheon (FES150),Unknown
Honda,NSR150RR/SP (NS150),Unknown
Honda,FSX150,Unknown
Honda,SH150,Unknown
Honda,SH150i,Unknown
Honda,Benly (C95/CA95),Unknown
Honda,TMX155,Unknown
Honda,GL PRO NeoTech 1600 (GL-160),Unknown
Honda,Mega Pro 1600 (GL-160),Unknown
Honda,Honda Dream 2E,Unknown
Honda,Hornet CBR,Unknown
Honda,Unicorn,Unknown
Honda,SP 160,Unknown
Honda,Juno M85,Unknown
Honda,CD175,Unknown
Honda,Super Sport (CB175),Unknown
Honda,XL175,Unknown
Honda,Hornet 2.0,Unknown
Honda,CB 200X,Unknown
Honda,Honda Dream 6E,Unknown
Honda,Juno K,Unknown
Honda,RoadMaster/Twinstar (CD200),Unknown
Honda,Reflex (TLR200),Unknown
Honda,Tiger 2000 (GL-200),Unknown
Honda,Phantom (TA200),Unknown
Honda,CB200,Unknown
Honda,CL200,Unknown
Honda,Fatcat (TR200),Unknown
Honda,Honda Dream 4E,Unknown
Honda,Juno KA/KB,Unknown
Honda,CD250U,Unknown
Honda,CM250C,Unknown
Honda,CM250T,Unknown
Honda,Nighthawk (CB250),Unknown
Honda,CMX250C,Unknown
Honda,CMX250CD,Unknown
Honda,CR250R,Unknown
Honda,Elsinore (CR250M),Unknown
Honda,Integra (VT250F),Unknown
Honda,Big Ruckus (PS250),Unknown
Honda,Dream (CB250),Unknown
Honda,Hornet (CB250F),Unknown
Honda,CB250 G5,Unknown
Honda,Super Dream (CB250N),Unknown
Honda,CBR250,Unknown
Honda,CBX250RS,Unknown
Honda,CRF250L,Unknown
Honda,MVX250F (MC09),Unknown
Honda,NSR250R MC16,Unknown
Honda,NSR250R MC18,Unknown
Honda,NSR250R MC21,Unknown
Honda,NSR250R MC28,Unknown
Honda,Reflex (NSS250),Unknown
Honda,NX250/AX-1,Unknown
Honda,Spada VT250L,Unknown
Honda,Spada MC20,Unknown
Honda,XR250R,Unknown
Honda,CBF250,Unknown
Honda,CBR250R (MC41),Unknown
Honda,Dream (C70),Unknown
Honda,Dream (C71),Unknown
Honda,Dream (C72),Unknown
Honda,Hawk (CB72),Unknown
Honda,CJ250T,Unknown
Honda,Helix (CN250),Unknown
Honda,Sport (CB250),Sport (CB250)
Honda,CB250RS,Unknown
Honda,VTR250 (Interceptor and MC33),Unknown
Honda,XL250,Unknown
Honda,CB300R,Unknown
Honda,CRF300,Unknown
Honda,XRE300,Unknown
Honda,Dream (C76),Unknown
Honda,Dream (C77),Unknown
Honda,Scrambler (CL77),Unknown
Honda,Super Hawk (CB77),Unknown
Honda,CB350 Super Sport,CB350 Super Sport
Honda,Four (CB350F),Unknown
Honda,Sport (CB350),Sport (CB350)
Honda,CB350 RS,Unknown
Honda,CB350 H'ness,Unknown
Honda,Sport CL350,Unknown
Honda,Sport SL350,Unknown
Honda,XL350R,Unknown
Honda,Scrambler CL360,Unknown
Honda,Sport CB360,Unknown
Honda,Sport CB360T,Unknown
Honda,CL400,Unknown
Honda,NS400R,Unknown
Honda,CB400A Hawk Hondamatic,Unknown
Honda,CB400N,Unknown
Honda,Hawk CB400T,Unknown
Honda,Hawk CB400T II,Unknown
Honda,CM400,Unknown
Honda,VRX400 Roadster,Unknown
Honda,CB-1 CB400F (NC27),Unknown
Honda,RVF400R (NC35),Unknown
Honda,VF400F (NC13),Unknown
Honda,VFR400 (NC30),Unknown
Honda,CBR400RR (NC23),Unknown
Honda,CBR400RR (NC29),Unknown
Honda,CBX400,Unknown
Honda,NT400 (BROS),Unknown
Honda,Four CB400F,Unknown
Honda,Scrambler CL450,Unknown
Honda,Sport/Hellcat CB450,Unknown
Honda,Nighthawk CB450SC,Unknown
Honda,CB450DX CB450N (PC14),Unknown
Honda,Hondamatic CM450A,Unknown
Honda,CMX450,Unknown
Honda,CB450S PC17,Unknown
Honda,CRF450R,Unknown
Honda,CB500F,Unknown
Honda,CBR500R,Unknown
Honda,CB500X,Unknown
Honda,CMX500,Unknown
Honda,CL500/SCL500,Unknown
Honda,NX500,Unknown
Honda,CB500 Hornet,Unknown
Honda,CR480,Unknown
Honda,Ascot VT500,Unknown
Honda,Ascot VT500FT,Unknown
Honda,Shadow VT500,Unknown
Honda,VT500E,Unknown
Honda,CX500,Unknown
Honda,Four CB500,Unknown
Honda,Ascot FT500,Unknown
Honda,Tourist Trophy GB500,Unknown
Honda,XBR500,Unknown
Honda,Sport CB500 twin,Unknown
Honda,CBF500,Unknown
Honda,NSR500,Unknown
Honda,Interceptor VF500F,Unknown
Honda,Magna V30 VF500C,Unknown
Honda,Silver Wing GL500,Unknown
Honda,Turbo CX500,Unknown
Honda,Four CB550F,Unknown
Honda,Nighthawk CB550SC,Unknown
Honda,Four CBX550F/FII,Unknown
Honda,CB600F,Unknown
Honda,CBF600N,Unknown
Honda,CBF600S,Unknown
Honda,Hurricane CBR600F,Unknown
Honda,Honda CBR600F2,Unknown
Honda,Honda CBR600F3,Unknown
Honda,CBR600F4i,Unknown
Honda,CBR600RR,Unknown
Honda,Shadow VT600C VLX,Unknown
Honda,Transalp XL600V,Unknown
Honda,XR600R (offroad),Unknown
Honda,Four CB650,Unknown
Honda,Bros/HawkGT (RC31),Unknown
Honda,NTV/Revere NTV650,Unknown
Honda,Deauville NT650V,Unknown
Honda,CBX650,Unknown
Honda,Nighthawk CB650SC,Unknown
Honda,Silver Wing GL650,Unknown
Honda,Transalp XL650V,Unknown
Honda,Turbo CX650T,Unknown
Honda,Africa Twin (RD03),Unknown
Honda,XR650L,Unknown
Honda,Dominator NX650,Unknown
Honda,Honda CTX700N,Unknown
Honda,Honda DN-01,Unknown
Honda,Nighthawk CB700SC,Unknown
Honda,Deauville NT700V,Unknown
Honda,Transalp XL700V,Unknown
Honda,Integra (RC62),Unknown
Honda,Four CB750,Unknown
Honda,Hondamatic CB750A,Unknown
Honda,NC750X,Unknown
Honda,VFR750R (RC30),Unknown
Honda,Africa Twin (RD07),Unknown
Honda,CBX750,Unknown
Honda,Interceptor VF750F,Unknown
Honda,Interceptor VFR750,Unknown
Honda,Magna VF750C V45,Unknown
Honda,Magna Deluxe VF750CD,Unknown
Honda,Sabre VF750S,Unknown
Honda,Nighthawk CB750,Unknown
Honda,Nighthawk CB750SC,Unknown
Honda,RVF750 (RC45),Unknown
Honda,NR,Unknown
Honda,XLV750R,Unknown
Honda,CB750 Hornet,Unknown
Honda,XL750 Transalp,Unknown
Honda,Crossrunner VFR800X,Unknown
Honda,Interceptor VFR800FI,Unknown
Honda,RC212V,Unknown
Honda,Pacific Coast PC800,Unknown
Honda,CBR900RR,Unknown
Honda,CBR954RR,Unknown
Honda,Custom CB900C,Unknown
Honda,CB900F/919,Unknown
Honda,RC211V,Unknown
Honda,Gold Wing GL1000,Unknown
Honda,CB1000,Unknown
Honda,CB1000R,Unknown
Honda,CBF1000,Unknown
Honda,CBR1000RR,Unknown
Honda,Custom CB1000C,Unknown
Honda,CBX1000,Unknown
Honda,Hurricane CBR1000F,Unknown
Honda,RC51 RVT1000R,Unknown
Honda,VTR1000F Super Hawk,Unknown
Honda,VTR1000F Firestorm,Unknown
Honda,Super Sport (CBX),Unknown
Honda,VTR1000R (RVT1000) SP1 (RC51),Unknown
Honda,VTR1000R (RVT1000) SP2 (RC51),Unknown
Honda,XL1000V Varadero,Unknown
Honda,HAWK11,Unknown
Honda,NT1100,Unknown
Honda,Gold Wing GL1100,Unknown
Honda,CBR1100XX,Unknown
Honda,Magna (VF1100C V65),Unknown
Honda,Sabre (VF1100S V65),Unknown
Honda,Pan-European (ST1100),Unknown
Honda,CB1100F,Super Sport
Honda,CB1100R,Unknown
Honda,X11 (CB1100SF),Unknown
Honda,CB1100 (CB1100A),Unknown
Honda,Gold Wing (GL1200),Unknown
Honda,VFR1200F,Unknown
Honda,Crosstourer (VFR1200X),Unknown
Honda,CB1300,Unknown
Honda,VTX1300,Unknown
Honda,Pan-European (ST1300),Unknown
Honda,Fury,Unknown
Honda,Gold Wing (GL1500),Unknown
Honda,Valkyrie (GL1500C/F6C),Unknown
Honda,VTX1800,Unknown
Honda,Gold Wing (GL1800),Unknown
Honda,A-Type,Unknown
Honda,AirBlade,Unknown
Honda,Ape 50,Unknown
Honda,Chaly,Unknown
Honda,Cub F,Unknown
Honda,CT50 Motra,Unknown
Honda,CY50,Unknown
Honda,Express,Unknown
Honda,MB50/MB5,Unknown
Honda,MR50,Unknown
Honda,MT50/MT5,Unknown
Honda,P50/P25,Unknown
Honda,PA50 (Hobbit/Camino),Unknown
Honda,PC50/PS50,Unknown
Honda,SFX50,Unknown
Honda,SH50,Unknown
Honda,SL70,Unknown
Honda,Dax 50,Unknown
Honda,Dax 125,Unknown
Honda,CRF250X,Off-road
Honda,CRF450X,Off-road
Honda,CRF450RX,Off-road
Honda,CRF230F,Off-road
Honda,MR250,Off-road
Honda,TR200,Off-road
Honda,XR100,Off-road
Honda,XR350R,Off-road
Honda,XR600R,Off-road
Honda,XR650R,Off-road
Honda,CRF230L,Dual
Honda,CRF250L,Unknown
Honda,CRF300L,Dual
Honda,CRF1000L Africa Twin,Dual
Honda,CRF1100L Africa Twin,Dual
Honda,MT125,Dual
Honda,MT250,Dual
Honda,NX250,Dual
Honda,NX650 Dominator,Dual
Honda,SL90,Dual
Honda,TLR200,Dual
Honda,Transalp,Dual
Honda,XL70,Dual
Honda,XL75,Dual
Honda,XL100,Dual
Honda,XL125V Varadero,Dual
Honda,XL350,Dual
Honda,XL500,Dual
Honda,XL600LM/RMG,Dual
Honda,NX4 Falcon,Dual
Honda,XRV650 Africa Twin,Dual
Honda,XRV750T Africa Twin,Dual
Honda,CR80R,Motocross
Honda,CR125R,Motocross
Honda,CR500R,Motocross
Honda,CRF110R,Motocross
Honda,CRF250R,Motocross
Honda,Big Ruckus,Unknown
Honda,Biz,Unknown
Honda,CN250 (Helix/Fusion/Spazio),Unknown
Honda,Dio,Unknown
Honda,Elite,Unknown
Honda,Express,Unknown
Honda,Express SR,Unknown
Honda,Grazia,Unknown
Honda,Juno,Unknown
Honda,Metropolitan/Jazz/Scoopy/Crea Scoopy,Unknown
Honda,Metropolitan II,Unknown
Honda,Motocompo,Unknown
Honda,NH,Unknown
Honda,Eve/Spree/Nifty 50 (NQ50),Unknown
Honda,Reflex,Unknown
Honda,Reflex ABS (NSS300 Forza in Europe and Canada),Unknown
Honda,PCX 125 and 150,Unknown
Honda,Pop 100 and 110i,Unknown
Honda,Silver Wing,Unknown
Honda,Silver Wing ABS,Unknown
Honda,SH150i,Unknown
Honda,Sparta,Unknown
Honda,Vario/Click/AirBlade,Unknown
Honda,Vision/Spacy,Unknown
Honda,Zoomer/Ruckus,Unknown
Honda,Cliq,Unknown
Honda,Genio,Unknown
Honda,Navi,Unknown
Honda,Scoopy,Unknown
Honda,Stylo,Unknown
Honda,NR500,Unknown
Honda,NSR500V,Unknown
Honda,RC213V,Unknown
Honda,RCV1000R,Unknown
Honda,RS125,Unknown
Honda,RS125R,Unknown
Honda,RS250R,Unknown
Honda,1987 Honda ATC50 (prototype),Unknown
Honda,ATC70,Unknown
Honda,ATC90 (was US90 from 1970 to 1973),Unknown
Honda,ATC110,Unknown
Honda,ATC125M,Unknown
Honda,ATC125R (prototype),Unknown
Honda,ATC185,Unknown
Honda,ATC185S,Unknown
Honda,ATC200,Unknown
Honda,ATC200E Big Red,Unknown
Honda,ATC200ES Big Red,Unknown
Honda,ATC200M,Unknown
Honda,ATC200S,Unknown
Honda,ATC200X,Unknown
Honda,ATC200R (prototype),Unknown
Honda,ATC250ES,Unknown
Honda,ATC250R,Unknown
Honda,ATC250SX,Unknown
Honda,ATC300R (prototype),Unknown
Honda,ATC350R (prototype),Unknown
Honda,ATC350X,Unknown
Honda,ATC500R (prototype),Unknown
Honda,Odyssey 250 and 350,Unknown
Honda,Pilot 400,Unknown
Honda,Duet (prototype),Unknown
Honda,Fourtrax 70,Unknown
Honda,TRX90X,Unknown
Honda,Fourtrax 125,Unknown
Honda,Fourtrax 200,Unknown
Honda,Fourtrax 200 Trunkmobile,Unknown
Honda,Fourtrax 200 Type II,Unknown
Honda,Fourtrax 200SX,Unknown
Honda,Recon 250,Unknown
Honda,Fourtrax 250,Unknown
Honda,Fourtrax 250R,Unknown
Honda,Fourtrax 250X,Unknown
Honda,Sportrax 250EX-250X,Unknown
Honda,Fourtrax 300,Unknown
Honda,Fourtrax 300EX,Unknown
Honda,Fourtrax 350-Foreman 350,Unknown
Honda,Rancher 350,Unknown
Honda,Fourtrax 400EX-400X,Unknown
Honda,Foreman 400,Unknown
Honda,Rancher 420,Unknown
Honda,Foreman 450S-450ES,Unknown
Honda,Honda TRX450R,Unknown
Honda,Foreman 500,Unknown
Honda,Foreman Rubicon 500,Unknown
Honda,Foreman 520,Unknown
Honda,Foreman Rubicon 520,Unknown
Honda,Rincon 650,Unknown
Honda,Rincon 680,Unknown
Honda,TRX 700XX,Unknown
Honda,Big Red 700,Unknown
Honda,Pioneer 500,Unknown
Honda,Pioneer 520,Unknown
Honda,Pioneer 700,Unknown
Honda,Pioneer 1000,Unknown
Honda,Talon 1000R,Unknown
Honda,Talon 1000X,Unknown
Honda,1995 EXP-2,Unknown
Honda,2007 EVO6,Unknown
Suzuki,Boulevard C50 (VL800 Volusia),Cruiser
Suzuki,Boulevard C90 (Intruder VL1500),Cruiser
Suzuki,Boulevard C109R (Intruder C1800R),Cruiser
Suzuki,Boulevard M50 (Intruder M800),Cruiser
Suzuki,Boulevard M90R (Intruder M1500R),Cruiser
Suzuki,Boulevard M109R (Intruder M1800R),Cruiser
Suzuki,Boulevard S40 (LS650 Savage),Cruiser
Suzuki,Boulevard S50 (Intruder),Cruiser
Suzuki,Boulevard S83 (Intruder VS1400),Cruiser
Suzuki,VS400,Cruiser
Suzuki,VS600,Cruiser
Suzuki,VS700,Cruiser
Suzuki,VS750,Cruiser
Suzuki,VS800,Cruiser
Suzuki,VS1400,Cruiser
Suzuki,Marauder VZ800 (VZ800 Marauder),Cruiser
Suzuki,DL/V-Strom 250,Dual-sport
Suzuki,DL/V-Strom 650,Dual-sport
Suzuki,V-Strom 800DE/RE,Dual-sport
Suzuki,DL/V-Strom 1000,Dual-sport
Suzuki,DL/V-Strom 1050,Dual-sport
Suzuki,RV 50 VanVan,Dual-sport/off-road
Suzuki,RV 75,Dual-sport/off-road
Suzuki,RV 90 Rover,Dual-sport/off-road
Suzuki,RV 125 VanVan,Dual-sport/off-road
Suzuki,RV 200 VanVan,Dual-sport/off-road
Suzuki,SMX50,Dual-sport/off-road
Suzuki,SP100,Dual-sport/off-road
Suzuki,SP125,Dual-sport/off-road
Suzuki,SP200,Dual-sport/off-road
Suzuki,SP250,Dual-sport/off-road
Suzuki,SP370,Dual-sport/off-road
Suzuki,SP400,Dual-sport/off-road
Suzuki,SP500,Dual-sport/off-road
Suzuki,SP600,Dual-sport/off-road
Suzuki,TS50 Gaucho,Dual-sport/off-road
Suzuki,TS75 Colt,Dual-sport/off-road
Suzuki,TS80 Colt,Dual-sport/off-road
Suzuki,TS90 Honcho,Dual-sport/off-road
Suzuki,TS100 Honcho,Dual-sport/off-road
Suzuki,TS125 Duster,Dual-sport/off-road
Suzuki,TS185 Sierra,Dual-sport/off-road
Suzuki,TS200,Dual-sport/off-road
Suzuki,TS250 Savage,Dual-sport/off-road
Suzuki,TS400 Apache,Dual-sport/off-road
Suzuki,PE175,Enduro
Suzuki,PE250,Enduro
Suzuki,PE400,Enduro
Suzuki,Burgman 125,Unknown
Suzuki,Burgman Street 125,Unknown
Suzuki,Burgman/Skywave 200,Unknown
Suzuki,Burgman/Skywave 400,Unknown
Suzuki,Burgman/Skywave 650,Unknown
Suzuki,Skywave 125,Unknown
Suzuki,JR50,Unknown
Suzuki,MT50 Trailhopper,Unknown
Suzuki,PV50,Unknown
Suzuki,RB50 GAG,Unknown
Suzuki,GSV-R,Unknown
Suzuki,GSX-RR,Unknown
Suzuki,RH72,Motocross
Suzuki,TM75,Motocross
Suzuki,TM100,Motocross
Suzuki,TM125,Motocross
Suzuki,TM250 (also known as RH67),Motocross
Suzuki,TM400,Motocross
Suzuki,DR125,Motocross/Off-road/Dual-sport
Suzuki,DR200SE,Motocross/Off-road/Dual-sport
Suzuki,DR350,Motocross/Off-road/Dual-sport
Suzuki,DR600,Motocross/Off-road/Dual-sport
Suzuki,DR650,Motocross/Off-road/Dual-sport
Suzuki,DR800 (DR BIG),Off-road
Suzuki,DR-Z70,Motocross/Off-road/Dual-sport
Suzuki,DR-Z110,Motocross/Off-road/Dual-sport
Suzuki,DR-Z125,Motocross/Off-road/Dual-sport
Suzuki,DR-Z250,Motocross/Off-road/Dual-sport
Suzuki,DR-Z400,Motocross/Off-road/Dual-sport
Suzuki,RM50,Motocross/off-road
Suzuki,RM60,Motocross/off-road
Suzuki,RM65,Motocross/off-road
Suzuki,RM80,Motocross/off-road
Suzuki,RM80X,Motocross/off-road
Suzuki,RM85,Motocross/off-road
Suzuki,RM100,Motocross/off-road
Suzuki,RM125,Motocross/off-road
Suzuki,RM250,Motocross/off-road
Suzuki,RMX250,Motocross/off-road
Suzuki,RM370,Motocross/off-road
Suzuki,RM400,Motocross/off-road
Suzuki,RMX450Z,Motocross/off-road
Suzuki,RM465,Motocross/off-road
Suzuki,RM500,Motocross/off-road
Suzuki,RM-Z250,Motocross/off-road
Suzuki,RM-Z450,Motocross/off-road
Suzuki,DS50,Off-road
Suzuki,DS80,Off-road
Suzuki,DS100,Off-road
Suzuki,DS125,Off-road
Suzuki,DS185,Off-road
Suzuki,RS175,Off-road
Suzuki,RS250,Off-road
Suzuki,TC90 Blazer,Off-road
Suzuki,TC100,Off-road
Suzuki,TC125 Prospector,Off-road
Suzuki,TC185 Ranger,Off-road
Suzuki,TC200 Stingray,Off-road
Suzuki,TC250 Hustler,Off-road
Suzuki,TC305 Laredo,Off-road
Suzuki,Access 125,Unknown
Suzuki,Address 50,Unknown
Suzuki,Address R50,Unknown
Suzuki,Address V50,Unknown
Suzuki,Address V100,Unknown
Suzuki,Address 110,Unknown
Suzuki,Address V125 Police Scooter,Unknown
Suzuki,AE50 style,Unknown
Suzuki,AY50 Katana,Unknown
Suzuki,CS,Unknown
Suzuki,CP50/80,Unknown
Suzuki,Sepia ZZ,Unknown
Suzuki,SJ50,Unknown
Suzuki,RC50,Unknown
Suzuki,Choinori,Unknown
Suzuki,Choinori SS,Unknown
Suzuki,FA50 (Suzuki Shuttle),Unknown
Suzuki,FM50 (Suzuki Landie),Unknown
Suzuki,FS50 snip,Unknown
Suzuki,FZ50,Unknown
Suzuki,FY50 youdy,Unknown
Suzuki,M30 Mokick (Suzy 50),Unknown
Suzuki,M31 (Suzy 55),Unknown
Suzuki,Suzuki Let's,Unknown
Suzuki,SJK Mini Free MF1 (1954),Unknown
Suzuki,Suzuki Suzumoped,Unknown
Suzuki,FX110,Unknown
Suzuki,Sixteens,Unknown
Suzuki,Gemma,Unknown
Suzuki,FXR150,Sport
Suzuki,GSX-R50,Sport
Suzuki,GSX-R125,Sport
Suzuki,GSX-R150,Sport
Suzuki,GSX-R250,Sport
Suzuki,GSX-R400,Sport
Suzuki,GSX-R600,Sport
Suzuki,GSX-R750,Sport
Suzuki,GSX-R1000,Sport
Suzuki,GSX-R1100,Sport
Suzuki,GSX-1300R Hayabusa,Sport
Suzuki,Satria R,Sport
Suzuki,Suzuki SFV650 Gladius,Sport
Suzuki,SV650,Sport
Suzuki,SV1000(S),Sport
Suzuki,TL1000R,Sport
Suzuki,TL1000S,Sport
Suzuki,XN85,Sport
Suzuki,A50,Unknown
Suzuki,A70,Unknown
Suzuki,A80,Unknown
Suzuki,A100,Unknown
Suzuki,AX100,Unknown
Suzuki,TS125R,Unknown
Suzuki,GF 250,Unknown
Suzuki,GN125,Unknown
Suzuki,GN250,Unknown
Suzuki,GN400,Unknown
Suzuki,GR650 (Tempter),Unknown
Suzuki,GS125,Unknown
Suzuki,GS150,Unknown
Suzuki,GS150R,Unknown
Suzuki,GS250,Unknown
Suzuki,GS300,Unknown
Suzuki,GS400,Unknown
Suzuki,GS425,Unknown
Suzuki,GS450,Unknown
Suzuki,GS500,Unknown
Suzuki,GS550L,Unknown
Suzuki,GS650,Unknown
Suzuki,GS700,Unknown
Suzuki,GS750,Unknown
Suzuki,GS850,Unknown
Suzuki,GS1000,Unknown
Suzuki,GS1100,Unknown
Suzuki,GSF1200,Unknown
Suzuki,GSR400,Unknown
Suzuki,GSR600,Unknown
Suzuki,GSR750,Unknown
Suzuki,GSR1000,Unknown
Suzuki,Virus 1000,Unknown
Suzuki,GSX 150,Unknown
Suzuki,GSX 150F SF,Unknown
Suzuki,GSX 250,Unknown
Suzuki,GSX 250F (also known as Across),Unknown
Suzuki,GSX 250S Katana,Unknown
Suzuki,GSX 400,Unknown
Suzuki,GSX 400S,Unknown
Suzuki,GSX 400S Katana,Unknown
Suzuki,GSX 550EF,Unknown
Suzuki,GSX 600F,Unknown
Suzuki,GSX 650F,Unknown
Suzuki,GSX 700,Unknown
Suzuki,GSX 750,Unknown
Suzuki,GSX 750F,Unknown
Suzuki,GSX 750S Katana,Unknown
Suzuki,GSX-8S,Unknown
Suzuki,GSX 1000,Unknown
Suzuki,GSX 1000S Katana,Unknown
Suzuki,GSX-S125,Unknown
Suzuki,GSX-S150,Unknown
Suzuki,GSX-S1000,Unknown
Suzuki,GSX-S1000F,Unknown
Suzuki,GSX 1100F,Unknown
Suzuki,GSX 1100S Katana,Unknown
Suzuki,GSX 1100 E/EF,Unknown
Suzuki,GSX 1200 Inazuma,Unknown
Suzuki,GSX 1400,Unknown
Suzuki,GT50,Unknown
Suzuki,GT100,Unknown
Suzuki,GT125,Unknown
Suzuki,GT185 Adventurer,GT185 Adventurer
Suzuki,GT200 Invader/X5,Unknown
Suzuki,GT250 Hustler/X7,Unknown
Suzuki,GT380 Sebring,Unknown
Suzuki,GT500 Titan,Unknown
Suzuki,GT550,Unknown
Suzuki,GT750,Unknown
Suzuki,GX125,Unknown
Suzuki,GZ125 Marauder,Cruiser
Suzuki,GZ150,Cruiser
Suzuki,GZ250 Marauder,Cruiser
Suzuki,OR50,Unknown
Suzuki,RE5,Unknown
Suzuki,RC 80,Unknown
Suzuki,RC 100 JetCooled,Unknown
Suzuki,RC 110 Crystal,Unknown
Suzuki,RC 100 GS Tornado,Unknown
Suzuki,RC 110 GX Tornado,Unknown
Suzuki,RG50,Sport
Suzuki,RG110,Unknown
Suzuki,RG120,Unknown
Suzuki,RG125,Sport
Suzuki,RG150,Unknown
Suzuki,RGR150,Sport
Suzuki,RG200 Gamma,Sport
Suzuki,RG250 Gamma,Sport
Suzuki,RG400,Sport
Suzuki,RG500,Sport
Suzuki,RGV250,Sport
Suzuki,RGV500,Sport
Suzuki,SB200,Unknown
Suzuki,SW-1,Unknown
Suzuki,T90 Wolf,Unknown
Suzuki,T125 Stinger,Unknown
Suzuki,T200 Invader (also known as X5),Unknown
Suzuki,T10,Unknown
Suzuki,T20 'Hustler' (also known as X6),Unknown
Suzuki,T250 Hustler,Unknown
Suzuki,T305 Raider,Unknown
Suzuki,T350 Rebel,Unknown
Suzuki,T500 Titan,Unknown
Suzuki,TU250,Unknown
Suzuki,ST250,Unknown
Suzuki,VX 800,Unknown
Suzuki,X7,Unknown
Suzuki,EN 125cc 2a,Unknown
Suzuki,B-King,Unknown
Suzuki,GV1400 Cavalcade,Touring
Suzuki,FR50,Unknown
Suzuki,FR70,Unknown
Suzuki,FR80,Unknown
Suzuki,Stinger 120,Unknown
Suzuki,FX125,Unknown
Suzuki,Raider 150,Unknown
Suzuki,Satria,Unknown
Suzuki,Shogun 110,Unknown
Suzuki,Shogun 125,Unknown
Suzuki,Smash,Unknown
Suzuki,Crosscage,Unknown
Suzuki,Stratosphere,Unknown
Suzuki,Skywave Type-S,Unknown
Suzuki,Address V50G,Unknown
Suzuki,Biplane,Unknown
Suzuki,Nuda,Unknown
Suzuki,G-Strider,Unknown
Suzuki,Recursion,Unknown
Yamaha,YA-1,Unknown
Yamaha,YC-1 (1956),Unknown
Yamaha,YD-1 (1957),Unknown
Yamaha,MF-1 (1958) 50 cc,Unknown
Yamaha,YDS-3 (1964) 246 cc,Unknown
Yamaha,DT-1 (1968),Unknown
Yamaha,XS-1 (1970),Unknown
Yamaha,YZ Monocross (1975),Unknown
Yamaha,YZ400F (1998),Unknown
Yamaha,AG100,Unknown
Yamaha,AG175,Unknown
Yamaha,AG200,Unknown
Yamaha,Bop500,Unknown
Yamaha,BOP2 50,Unknown
Yamaha,Bop80,Unknown
Yamaha,BW80,Unknown
Yamaha,Chappy50,Unknown
Yamaha,Chappy80,Unknown
Yamaha,CR5,Unknown
Yamaha,CS3,Unknown
Yamaha,CS5,Unknown
Yamaha,CT1,Unknown
Yamaha,CT2,Unknown
Yamaha,CT3,Unknown
Yamaha,TDR50,Unknown
Yamaha,TDR80,Unknown
Yamaha,AT-1,Unknown
Yamaha,AT-1MX,Unknown
Yamaha,AT-3,Unknown
Yamaha,DT-1 1968(1),Unknown
Yamaha,DT1,Unknown
Yamaha,DT-2,Unknown
Yamaha,DT-3,Unknown
Yamaha,DS5E,Unknown
Yamaha,DS6-C,Unknown
Yamaha,DS6 2,Unknown
Yamaha,DS7 2,Unknown
Yamaha,DT50L,Unknown
Yamaha,DT50M,Unknown
Yamaha,DT50MX,Unknown
Yamaha,DT50R,Unknown
Yamaha,DT50SM,Unknown
Yamaha,DT50X,Unknown
Yamaha,DT80MX,Unknown
Yamaha,DT80LC,Unknown
Yamaha,DT80R,Unknown
Yamaha,DT100MX,Unknown
Yamaha,DT100R,Unknown
Yamaha,DT125LC,Unknown
Yamaha,DT125MX,Unknown
Yamaha,DT125R,Unknown
Yamaha,DT125RE,Unknown
Yamaha,DT125X,Unknown
Yamaha,DT175MX,Unknown
Yamaha,DT200R,Unknown
Yamaha,DT230 Lanza,Unknown
Yamaha,DT250,Unknown
Yamaha,DT250MX,Unknown
Yamaha,DT250R,Unknown
Yamaha,DT350LC,Unknown
Yamaha,DT350R,Unknown
Yamaha,DT360,Unknown
Yamaha,DT360MX,Unknown
Yamaha,DT400B,Unknown
Yamaha,DT400F,Unknown
Yamaha,DT400MX,Unknown
Yamaha,DTE125,Unknown
Yamaha,DTE175,Unknown
Yamaha,DTF125,Unknown
Yamaha,DT RT4,Unknown
Yamaha,Force1,Unknown
Yamaha,FS1E,Unknown
Yamaha,F5C,Unknown
Yamaha,GL750 Prototype,Unknown
Yamaha,GT50,Unknown
Yamaha,GT80,Unknown
Yamaha,GT100,Unknown
Yamaha,GTI80,Unknown
Yamaha,H3-90,Unknown
Yamaha,HT-1B-90,Unknown
Yamaha,IT125,Unknown
Yamaha,IT175,Unknown
Yamaha,IT200,Unknown
Yamaha,IT250,Unknown
Yamaha,IT400,Unknown
Yamaha,IT425,Unknown
Yamaha,IT465,Unknown
Yamaha,IT490,Unknown
Yamaha,JA75,Unknown
Yamaha,L2,Unknown
Yamaha,L5T,Unknown
Yamaha,L5TA,Unknown
Yamaha,LS2 100,Unknown
Yamaha,LS3 100,Unknown
Yamaha,L2GF 100,Unknown
Yamaha,L2G 100,Unknown
Yamaha,LT 100,Unknown
Yamaha,LT 100 MX,Unknown
Yamaha,LT2 100,Unknown
Yamaha,LT3 100,Unknown
Yamaha,MG1T,Unknown
Yamaha,MR50,Unknown
Yamaha,MX50,Unknown
Yamaha,MX80,Unknown
Yamaha,MX100,Unknown
Yamaha,MX125,Unknown
Yamaha,MX175,Unknown
Yamaha,MX250,Unknown
Yamaha,MX360,Unknown
Yamaha,MX400,Unknown
Yamaha,MX500,Unknown
Yamaha,QA50 Pocke,Unknown
Yamaha,QB50 Vogel,Unknown
Yamaha,QT50,Unknown
Yamaha,RA31 125,Unknown
Yamaha,RX50,Unknown
Yamaha,RT180,Unknown
Yamaha,R3C,Unknown
Yamaha,R5,Unknown
Yamaha,RD,Unknown
Yamaha,RD50,Unknown
Yamaha,RD50DX,Unknown
Yamaha,RD50 M,Unknown
Yamaha,RD50 SP,Unknown
Yamaha,RD60,Unknown
Yamaha,RD125,Unknown
Yamaha,RD135,Unknown
Yamaha,RD200,Unknown
Yamaha,RD250,Unknown
Yamaha,RD350,Unknown
Yamaha,RD400,Unknown
Yamaha,RD80LC,Unknown
Yamaha,RD125LC,Unknown
Yamaha,RD250LC,Unknown
Yamaha,RD350LC,Unknown
Yamaha,RD500LC,Unknown
Yamaha,RD350 YPVS,Unknown
Yamaha,RD350 F2,Unknown
Yamaha,RX-King 135 (Indonesia),Unknown
Yamaha,RDX125,Unknown
Yamaha,R1-Z,Unknown
Yamaha,RS,Unknown
Yamaha,RS100 (1974-1977),Unknown
Yamaha,RX100,Unknown
Yamaha,RS125,Unknown
Yamaha,RS125DX,Unknown
Yamaha,RS200,Unknown
Yamaha,RX-Z,Unknown
Yamaha,RX DX,Unknown
Yamaha,RX100 (1977 - alternate designation for RS100DX),Unknown
Yamaha,RX-S (and RX-Special),Unknown
Yamaha,RX-S 115,Unknown
Yamaha,RX-125,Unknown
Yamaha,RX-135 (also known as RX-K-RX-King),Unknown
Yamaha,RXZ135,Unknown
Yamaha,RX-King,Unknown
Yamaha,RX Concorde,Unknown
Yamaha,RT-1,Unknown
Yamaha,RT-2,Unknown
Yamaha,RT-3,Unknown
Yamaha,RT-80,Unknown
Yamaha,RT-100,Unknown
Yamaha,RT150,Unknown
Yamaha,RT360,Unknown
Yamaha,RZ50,Unknown
Yamaha,RZ80,Unknown
Yamaha,RZ125,Unknown
Yamaha,RZ250,Unknown
Yamaha,RZ350,Unknown
Yamaha,RZ500,Unknown
Yamaha,RZV 500,Unknown
Yamaha,SC 500 °°,Unknown
Yamaha,SDR 200,Unknown
Yamaha,TD2,Unknown
Yamaha,TDR 50,Unknown
Yamaha,TDR 80,Unknown
Yamaha,TDR 125,Unknown
Yamaha,TDR 180 Made in Brazil,Unknown
Yamaha,TDR 240,Unknown
Yamaha,TDR 250,Unknown
Yamaha,Trailmaster-80,Unknown
Yamaha,Trailmaster-100,Unknown
Yamaha,TT125,Unknown
Yamaha,TY50 Trial,Unknown
Yamaha,TY80 Trial,Unknown
Yamaha,TY80A Trial,Unknown
Yamaha,TY80B Trial,Unknown
Yamaha,TY125(type 541)Trial,Unknown
Yamaha,TY125(type 1K6) Trial,Unknown
Yamaha,TY175 Trial,Unknown
Yamaha,TY200 Trial,Unknown
Yamaha,TY250 Trial,Unknown
Yamaha,TY250R Trial,Unknown
Yamaha,TY250S Trial,Unknown
Yamaha,TY250Z Trial,Unknown
Yamaha,TY350 Trial,Unknown
Yamaha,TY350R Trial,Unknown
Yamaha,TY350S Trial,Unknown
Yamaha,TZR50,Unknown
Yamaha,TZR80,Unknown
Yamaha,TZR125,Unknown
Yamaha,TZR150,Unknown
Yamaha,TZR250,Unknown
Yamaha,TZM150,Unknown
Yamaha,TZ50,Unknown
Yamaha,TZ125,Unknown
Yamaha,TZ250,Unknown
Yamaha,TZ350,Unknown
Yamaha,TZ500,Unknown
Yamaha,TZ700,Unknown
Yamaha,TZ750,Unknown
Yamaha,V50,Unknown
Yamaha,V50P,Unknown
Yamaha,V50M,Unknown
Yamaha,V70,Unknown
Yamaha,V75,Unknown
Yamaha,V80,Unknown
Yamaha,V80M,Unknown
Yamaha,V90,Unknown
Yamaha,VR150,Unknown
Yamaha,WR125,Unknown
Yamaha,WR200,Unknown
Yamaha,WR300,Unknown
Yamaha,WR250,Unknown
Yamaha,WR500,Unknown
Yamaha,Y100,Unknown
Yamaha,Y100 Sport,Unknown
Yamaha,YCS-1,Unknown
Yamaha,YCS-1-Bonanza,Unknown
Yamaha,YA-1(5),Unknown
Yamaha,YA-6,Unknown
Yamaha,YA-6 Santa Barbara,Unknown
Yamaha,YA-7,Unknown
Yamaha,YAS-1,Unknown
Yamaha,YB50,Unknown
Yamaha,YB100,Unknown
Yamaha,YC-1,Unknown
Yamaha,YD,Unknown
Yamaha,YD-1,Unknown
Yamaha,YD-2,Unknown
Yamaha,YD-3,Unknown
Yamaha,YDS-1,Unknown
Yamaha,YDS-3,Unknown
Yamaha,YDS-3C Big Bear,Unknown
Yamaha,YDS6C,Unknown
Yamaha,YE1,Unknown
Yamaha,YE2,Unknown
Yamaha,YES1,Unknown
Yamaha,YG1,Unknown
Yamaha,YG1K,Unknown
Yamaha,YG2,Unknown
Yamaha,YG3,Unknown
Yamaha,YG5,Unknown
Yamaha,YG-T,Unknown
Yamaha,YJ-1,Unknown
Yamaha,YAS1,Unknown
Yamaha,YAS2,Unknown
Yamaha,YAS3,Unknown
Yamaha,YL1,Unknown
Yamaha,YL2,Unknown
Yamaha,YL2C,Unknown
Yamaha,YM1,Unknown
Yamaha,YM1S,Unknown
Yamaha,YM2C,Unknown
Yamaha,YR1,Unknown
Yamaha,YR2,Unknown
Yamaha,YR3,Unknown
Yamaha,YSR50,Unknown
Yamaha,YZ80,Unknown
Yamaha,YZ125,Unknown
Yamaha,YZ250,Unknown
Yamaha,YZ465,Unknown
Yamaha,AG125,Unknown
Yamaha,BT1100 Bulldog,Unknown
Yamaha,BW200,Unknown
Yamaha,BW350,Unknown
Yamaha,Factor 125i,Unknown
Yamaha,Factor 150,Unknown
Yamaha,Fascino,Unknown
Yamaha,Fazer25,Unknown
Yamaha,FJ600,Unknown
Yamaha,FJ750,Unknown
Yamaha,FJ1100,Unknown
Yamaha,FJ1200,Unknown
Yamaha,FJ1200 ABS,Unknown
Yamaha,FJR1300,Unknown
Yamaha,FZS 600,Unknown
Yamaha,FZ1,Unknown
Yamaha,FZ6,Unknown
Yamaha,FZ16,Unknown
Yamaha,Byson,Unknown
Yamaha,FZ-S,Unknown
Yamaha,FZ FI V2.0,Unknown
Yamaha,FZS FI V2.0,Unknown
Yamaha,Fazer FI V2.0,Unknown
Yamaha,Fazer 150,Unknown
Yamaha,Fazer FZ15,Unknown
Yamaha,Fazer FZ25,Unknown
Yamaha,FZ25,Unknown
Yamaha,FZ150i / V-Ixion,Unknown
Yamaha,FZ250,Unknown
Yamaha,FZ400,Unknown
Yamaha,FZ600,Unknown
Yamaha,FZ750,Unknown
Yamaha,FZR150,Unknown
Yamaha,FZR250,Unknown
Yamaha,FZR250R,Unknown
Yamaha,FZR400,Unknown
Yamaha,FZR400RR,Unknown
Yamaha,FZR400RR SP,Unknown
Yamaha,FZR600R,Unknown
Yamaha,FZR750R/0W01,Unknown
Yamaha,FZS FI v3.0 (ABS),Unknown
Yamaha,FZS FI (Dual Disc),Unknown
Yamaha,FZS FI (Limited),Unknown
Yamaha,FZS FI,Unknown
Yamaha,FZ FI,Unknown
Yamaha,FZ X 150,Unknown
Yamaha,FZ2,Unknown
Yamaha,FZ8,Unknown
Yamaha,FAZER8,Unknown
Yamaha,FZR1000,Unknown
Yamaha,FZX700,Unknown
Yamaha,750 Fazer,Unknown
Yamaha,Golden Eagle 300,Unknown
Yamaha,GTS1000,Unknown
Yamaha,GX750,Unknown
Yamaha,Jog,Unknown
Yamaha,Morpho I,Unknown
Yamaha,M-Slaz,Unknown
Yamaha,MT-01,Unknown
Yamaha,MT-125,Unknown
Yamaha,MT-15 / Xabre,Unknown
Yamaha,MT-15 Tracer,Unknown
Yamaha,MT-25,Unknown
Yamaha,MT-03,Unknown
Yamaha,MT-07,Unknown
Yamaha,MT-700 Tracer,Unknown
Yamaha,Tracer 700 GT,Unknown
Yamaha,MT-08,Unknown
Yamaha,MT-09 / FZ-09,Unknown
Yamaha,MT-09 Tracer / FJ-09,Unknown
Yamaha,Tracer 900 GT,Unknown
Yamaha,Tracer 7,Unknown
Yamaha,Tracer 7 GT,Unknown
Yamaha,Tracer 9,Unknown
Yamaha,Tracer 9 GT,Unknown
Yamaha,Tracer 9 GT+,Unknown
Yamaha,MT-10,Unknown
Yamaha,Niken(3 wheels),Unknown
Yamaha,Niken GT,Unknown
Yamaha,R15 S,Unknown
Yamaha,R15 V3 ABS,Unknown
Yamaha,Ray Z,Unknown
Yamaha,Ray ZR,Unknown
Yamaha,Saluto (UBS - Disc),Unknown
Yamaha,Scorpio Z,Unknown
Yamaha,Serow225-1,Unknown
Yamaha,SRX250,Unknown
Yamaha,SRX250F,Unknown
Yamaha,SRX400,Unknown
Yamaha,SRX6,Unknown
Yamaha,SRX 600,Unknown
Yamaha,SRV250,Unknown
Yamaha,SR1,Unknown
Yamaha,SR125,Unknown
Yamaha,SR150,Unknown
Yamaha,SR185,Unknown
Yamaha,SR250,Unknown
Yamaha,SR400,Unknown
Yamaha,SR500,Unknown
Yamaha,SR600,Unknown
Yamaha,SRX600,Unknown
Yamaha,Star Eluder,Unknown
Yamaha,Star Venture,Unknown
Yamaha,Star Venture TC,Unknown
Yamaha,Crux,Unknown
Yamaha,Libero G5,Unknown
Yamaha,YBA-125 Enticer,Unknown
Yamaha,Gladiator,Unknown
Yamaha,SS 125,Unknown
Yamaha,YBR 125,Unknown
Yamaha,RS110F,Unknown
Yamaha,STX,Unknown
Yamaha,SZ,Unknown
Yamaha,SZ-RR SE,Unknown
Yamaha,SZ-RR Core,Unknown
Yamaha,SZ150RR,Unknown
Yamaha,SZR150,Unknown
Yamaha,SZR 660,Unknown
Yamaha,T-150,Unknown
Yamaha,TDM 850,Unknown
Yamaha,TDM900,Unknown
Yamaha,TRX850,Unknown
Yamaha,TFX-150,Unknown
Yamaha,TT225,Unknown
Yamaha,TT 250 AUS only model,Unknown
Yamaha,TT 350,Unknown
Yamaha,TT 500,Unknown
Yamaha,TT600R,Unknown
Yamaha,TTR50,Unknown
Yamaha,TTR90,Unknown
Yamaha,TTR110,Unknown
Yamaha,TTR125,Unknown
Yamaha,TTR150,Unknown
Yamaha,TTR225,Unknown
Yamaha,TTR230,Unknown
Yamaha,TTR250,Unknown
Yamaha,TTR325,Unknown
Yamaha,TW125,Unknown
Yamaha,TW200,Unknown
Yamaha,TX500,Unknown
Yamaha,TX600,Unknown
Yamaha,TX650,Unknown
Yamaha,TX750,Unknown
Yamaha,Venture,Unknown
Yamaha,XVZ1200 Venture Royale,Unknown
Yamaha,XVZ1300 Venture Royale,Unknown
Yamaha,V-Star 250,Unknown
Yamaha,V-Star 650 Custom,Unknown
Yamaha,V-Star 650 Classic,Unknown
Yamaha,V-Star 1100 Classic,Unknown
Yamaha,V-Star-1100-Silverado,Unknown
Yamaha,V-Star 950 Tourer,Unknown
Yamaha,V-Star 1300 Tourer,Unknown
Yamaha,Virago XV125,Unknown
Yamaha,Virago XV250,Unknown
Yamaha,Virago XV400,Unknown
Yamaha,Virago XV500,Unknown
Yamaha,Virago XV535,Unknown
Yamaha,Virago XV700,Unknown
Yamaha,Virago XV750,Unknown
Yamaha,Virago XV920,Unknown
Yamaha,Virago XV1000,Unknown
Yamaha,Virago XV1100,Unknown
Yamaha,XV1900A,Unknown
Yamaha,VMax,Unknown
Yamaha,1700Vmax,Unknown
Yamaha,XC125,Unknown
Yamaha,XC180,Unknown
Yamaha,XC200 RIVA Scooter,Unknown
Yamaha,XJ400 Diversion,Unknown
Yamaha,XJ400,Unknown
Yamaha,XJ400 D,Unknown
Yamaha,XJ650 Maxim,Unknown
Yamaha,XJ 550R Seca,Unknown
Yamaha,XJ 600,Unknown
Yamaha,XJ650RJ Seca,Unknown
Yamaha,XJ650 Turbo,Unknown
Yamaha,XJ550,Unknown
Yamaha,XJ650,Unknown
Yamaha,XJ700,Unknown
Yamaha,XJ700X,Unknown
Yamaha,XJ750,Unknown
Yamaha,XJ900,Unknown
Yamaha,XJ1100 Maxim,Unknown
Yamaha,XJ750D,Unknown
Yamaha,XJ750 Seca,Unknown
Yamaha,XJ750 RL (Canadian and Australian markets) 1984,Unknown
Yamaha,XJ750S (Europe),Unknown
Yamaha,XJ750 Maxim,Unknown
Yamaha,XJ750X Maxim-X,Unknown
Yamaha,XJ6,Unknown
Yamaha,XJ 600N,Unknown
Yamaha,XJ 600S Diversion / Seca II,Unknown
Yamaha,XJ900F,Unknown
Yamaha,XJ 900S Diversion,Unknown
Yamaha,XJ1100 Maxim,Unknown
Yamaha,XJR400,Unknown
Yamaha,XJR400R,Unknown
Yamaha,XJR1200,Unknown
Yamaha,XJR1200 Cup,Unknown
Yamaha,XJR1200 SP,Unknown
Yamaha,XJR1300,Unknown
Yamaha,XJR1300 SP,Unknown
Yamaha,XS250,Unknown
Yamaha,XS360,Unknown
Yamaha,XS400,Unknown
Yamaha,XS400R,Unknown
Yamaha,Seca 400,Unknown
Yamaha,XS500,Unknown
Yamaha,XS650,Unknown
Yamaha,XS650 Turbo,Unknown
Yamaha,XS750,Unknown
Yamaha,XS850,Unknown
Yamaha,XS Eleven,Unknown
Yamaha,XS750E,Unknown
Yamaha,XS750S Custom,Unknown
Yamaha,XS1100,Unknown
Yamaha,XS 1100 Martini,Unknown
Yamaha,XS 1100 SF Midnight Special,Unknown
Yamaha,XS1100 Turbo,Unknown
Yamaha,XSR125,Unknown
Yamaha,XSR150 Xabre,Unknown
Yamaha,XSR155,Unknown
Yamaha,XSR155 ABS,Unknown
Yamaha,XSR700,Unknown
Yamaha,XSR700 Super7,Unknown
Yamaha,XSR700 Xtribute,Unknown
Yamaha,XSR700 Enduro,Unknown
Yamaha,XSR900,Unknown
Yamaha,XSR900 GP,Unknown
Yamaha,XSR900RZ,Unknown
Yamaha,XT200,Unknown
Yamaha,XT225,Unknown
Yamaha,XT250,Unknown
Yamaha,XT350,Unknown
Yamaha,XT400E,Unknown
Yamaha,XT500,Unknown
Yamaha,XT550,Unknown
Yamaha,XT600,Unknown
Yamaha,XT600E,Unknown
Yamaha,XT 660,Unknown
Yamaha,XT 125 R,Unknown
Yamaha,XT 125 x,Unknown
Yamaha,XTZ 250,Unknown
Yamaha,XTZ 660,Unknown
Yamaha,XTZ 700,Unknown
Yamaha,XTZ 750,Unknown
Yamaha,XV920R,Unknown
Yamaha,Bolt,Unknown
Yamaha,XV950,Unknown
Yamaha,XV950 Racer,Unknown
Yamaha,XVS Drag Star 125,Unknown
Yamaha,XVS 650 Drag Star,Unknown
Yamaha,XVS 1100 Drag Star,Unknown
Yamaha,XVS 950 Midnight Star,Unknown
Yamaha,XVS 1300 Midnight Star,Unknown
Yamaha,XV 1000 SE Midnight Special,Unknown
Yamaha,XV 1900 Midnight Star,Unknown
Yamaha,XV19 Star Eluder,Unknown
Yamaha,XV19 Star Eluder GT,Unknown
Yamaha,XV19 Star Venture,Unknown
Yamaha,XV19 Star Venture Transcontinental,Unknown
Yamaha,XVS 1300 Custom,Unknown
Yamaha,XVS 1300 Tour Classic,Unknown
Yamaha,XVS 1300 Touring,Unknown
Yamaha,XVS 1300 VT,Unknown
Yamaha,XV1600A Wildstar,Unknown
Yamaha,XV1600 Road Star,Unknown
Yamaha,XV1700 Warrior,Unknown
Yamaha,XVZ1300 Royal Star,Unknown
Yamaha,XZ 400,Unknown
Yamaha,XZ 400 D,Unknown
Yamaha,XZ 550 RK,Unknown
Yamaha,XZ 550 Vision,Unknown
Yamaha,YD 100,Unknown
Yamaha,Junoon,Unknown
Yamaha,YBR125,Unknown
Yamaha,YBR125 Cruiser,Unknown
Yamaha,YBR125 Custom,Unknown
Yamaha,YBR125 Diversion,Unknown
Yamaha,YBR150,Unknown
Yamaha,YBR250,Unknown
Yamaha,YCZ110,Unknown
Yamaha,YD125 ZY154M,Unknown
Yamaha,YS125,Unknown
Yamaha,YS150,Unknown
Yamaha,YS250,Unknown
Yamaha,YS250 Fazer,Unknown
Yamaha,YS300,Unknown
Yamaha,YS300 Fazer,Unknown
Yamaha,YX600 Radian,Unknown
Yamaha,YZF600R,Unknown
Yamaha,YZF750R,Unknown
Yamaha,YZF1000R,Unknown
Yamaha,YZF 1000 Genesis,Unknown
Yamaha,YZF1000R Thunderace,Unknown
Yamaha,YZF-R125,Unknown
Yamaha,YZF-R3,Unknown
Yamaha,YZF-R6,Unknown
Yamaha,YZF-R7,Unknown
Yamaha,YZF-R7/OW-02,Unknown
Yamaha,YZF-R1,Unknown
Yamaha,YZF-R15,Unknown
Yamaha,YZF-R1-M,Unknown
Yamaha,YZF-R1-SP,Unknown
Yamaha,YZF-R25,Unknown
Yamaha,Zeal 250,Unknown
Yamaha,Zeal 400,Unknown
Yamaha,ZR150,Unknown
Yamaha,Lagenda,Unknown
Yamaha,LC50 (Asia),Unknown
Yamaha,MJ50 (Asia),Unknown
Yamaha,V50M (U.K & Europe & Asia),Unknown
Yamaha,C3 50cc (U.S.),Unknown
Yamaha,Lexam (Vietnam),Unknown
Yamaha,Nouvo (Asia),Unknown
Yamaha,Mio (Asia),Unknown
Yamaha,Sirius (Asia),Unknown
Yamaha,X-1 (Asia),Unknown
Yamaha,X-1R (Thailand),Unknown
Yamaha,Chappy,Unknown
Yamaha,Acruzo (Vietnam),Unknown
Yamaha,Active 50 cc (Japan),Unknown
Yamaha,Aerox R 50 cc (E.U.),Unknown
Yamaha,Aerox TY race replica 50 cc (E.U.),Unknown
Yamaha,Belle 80 cc (Thailand),Unknown
Yamaha,Belle 100 cc (Thailand),Unknown
Yamaha,Belle R (Thailand),Unknown
Yamaha,Beluga,Unknown
Yamaha,BJ 50 cc (Japan),Unknown
Yamaha,Box'n 50 cc (Japan),Unknown
Yamaha,BW's NBA 50 cc (E.U.),Unknown
Yamaha,BW's 50 cc (E.U.),Unknown
Yamaha,BWs Naked 50 cc (E.U.),Unknown
Yamaha,BW's 12 inch 50 cc (E.U.),Unknown
Yamaha,BW's Next Generation 50 cc (E.U.),Unknown
Yamaha,BW's 125 cc (Taiwan),Unknown
Yamaha,Champ,Unknown
Yamaha,Champ CX 50 cc (Japan),Unknown
Yamaha,Champ RS 50 cc (Japan),Unknown
Yamaha,Cute 50 cc (Japan),Unknown
Yamaha,Cuxi (Taiwan),Unknown
Yamaha,EZ115 (Malaysia),Unknown
Yamaha,F1ZR/ss two (Asia),Unknown
Yamaha,Fazzio (Asia),Unknown
Yamaha,Fiore/Jog Ciao (Asia/Taiwan),Unknown
Yamaha,Finn/Jupiter Finn/Crypton S (Asia/E.U.),Unknown
Yamaha,Giggle 50 cc (E.U.),Unknown
Yamaha,Grand Filano/Nozza Grande (Asia),Unknown
Yamaha,Janus (Vietnam),Unknown
Yamaha,Jog 50 cc (Japan),Unknown
Yamaha,JogR 50 cc (E.U.),Unknown
Yamaha,JogRR 50 cc (E.U.),Unknown
Yamaha,JogRR MotoGP 50 cc (E.U.),Unknown
Yamaha,Jog Deluxe 50 cc (Japan),Unknown
Yamaha,Jog ZR 50 cc (Japan),Unknown
Yamaha,Jog Poche 50 cc (Japan),Unknown
Yamaha,Jog 125 cc (Taiwan/Japan),Unknown
Yamaha,JR120 (Thailand),Unknown
Yamaha,Latte/D'elight (Vietnam/E.U.),Unknown
Yamaha,Limi (Taiwan),Unknown
Yamaha,Mint 50 cc,Unknown
Yamaha,Neo's 50 cc (E.U.),Unknown
Yamaha,Neo's 4-Stroke 50 cc (E.U.),Unknown
Yamaha,Nozza/Filano/D'elight (Asia/E.U.),Unknown
Yamaha,Passol 50 cc (Asia),Unknown
Yamaha,Passola 50 cc (Asia),Unknown
Yamaha,PG-1 (Asia),Unknown
Yamaha,QBIX (Asia),Unknown
Yamaha,Salient/Riva 50 cc,Unknown
Yamaha,Slider Naked 50 cc (E.U.),Unknown
Yamaha,Speed MX (Thailand),Unknown
Yamaha,Tiara (Thailand),Unknown
Yamaha,Tiara S (Thailand),Unknown
Yamaha,Try 50 cc (Japan),Unknown
Yamaha,Why 50 cc (E.U.),Unknown
Yamaha,Vino 125 (U.S.),Unknown
Yamaha,Vino Classic 50 cc (U.S.),Unknown
Yamaha,Ray ZR 125 (E.U.),Unknown
Yamaha,Rex 50 cc (E.U.),Unknown
Yamaha,RS Neo 125 cc (Taiwan),Unknown
Yamaha,Zest 50 cc (E.U.),Unknown
Yamaha,Zuma 50 cc (U.S.),Unknown
Yamaha,Vox 50 cc (Japan),Unknown
Yamaha,Vino 50 cc (Japan),Unknown
Yamaha,Molte Vino 50 cc (Japan),Unknown
Yamaha,Vinoora (Taiwan),Unknown
Yamaha,U7E,Unknown
Yamaha,RX-Z 135,Unknown
Yamaha,Y125Z (Asia),Unknown
Yamaha,T-150/Exciter 150/Jupiter MX/Y15ZR (Asia),Unknown
Yamaha,T-155/Exciter 155/Jupiter MX King/Y16ZR (Asia),Unknown
Yamaha,Jupiter MX/135LC/Spark 135/Sniper (Asia),Unknown
Yamaha,Zuma 125 (U.S.),Unknown
Yamaha,ZR120 (Thailand),Unknown
Yamaha,Axis Grand 100 cc (Japan),Unknown
Yamaha,Axis Z 125 cc (Taiwan/Japan),Unknown
Yamaha,Aerox/NVX 125/155cc-ABS (Asian-only),Unknown
Yamaha,Augur 155 cc (Taiwan),Unknown
Yamaha,Cygnus / Riva 180 cc,Unknown
Yamaha,CygnusX 125 cc (E.U./Japan),Unknown
Yamaha,CygnusX SR 125 cc (Japan),Unknown
Yamaha,Cygnus Gryphus 125 cc (Taiwan/Japan),Unknown
Yamaha,Fluo / FreeGo 125 cc (Brazil/Asia),Unknown
Yamaha,Force / X-Force 155 cc (Taiwan/Japan),Unknown
Yamaha,Gear 125 cc (Asia),Unknown
Yamaha,Iron Max 125,Unknown
Yamaha,Iron Max 250,Unknown
Yamaha,Iron Max 300,Unknown
Yamaha,Iron Max 400,Unknown
Yamaha,Iron Max 530,Unknown
Yamaha,LEXi (Indonesia)(12),Unknown
Yamaha,LEXi LX 155 (Indonesia)(13),Unknown
Yamaha,Majesty 125 cc (E.U.),Unknown
Yamaha,Vity 125 cc (E.U.),Unknown
Yamaha,X-City 125 cc (E.U.),Unknown
Yamaha,BLACK X-MAX 125 cc (E.U.),Unknown
Yamaha,X-MAX 125 cc (E.U.),Unknown
Yamaha,X-City 250 cc (E.U.),Unknown
Yamaha,BLACK X-MAX 250 cc (E.U.),Unknown
Yamaha,X-MAX 250 cc (E.U.),Unknown
Yamaha,Maxam 250 cc (Japan),Unknown
Yamaha,Morphous 250 (CP250VL) (U.S.),Unknown
Yamaha,Majesty 125 cc,Unknown
Yamaha,Majesty 250 cc (Japan),Unknown
Yamaha,YP400 Majesty / ABS (E.U./U.S.),Unknown
Yamaha,MW-Vision,Unknown
Yamaha,MWC-4,Unknown
Yamaha,Neo / Soul / Ego Avantiz / GT 125 cc (Brazil/Asia),Unknown
Yamaha,NMAX 125 cc / ABS,Unknown
Yamaha,NMAX 155 cc VVA / ABS,Unknown
Yamaha,NMAX Neo 155 cc / ABS (Indonesia),Unknown
Yamaha,NMAX Turbo 155 cc VVA / ABS / YECVT (Indonesia),Unknown
Yamaha,SMAX 155 cc (U.S.),Unknown
Yamaha,Xenter 125 (E.U.),Unknown
Yamaha,XMAX 300 cc / ABS,Unknown
Yamaha,XMAX 400 cc / ABS (E.U.),Unknown
Yamaha,Grand Majesty 400 cc (Japan),Unknown
Yamaha,TMAX / ABS (E.U./U.S.),Unknown
Yamaha,TMAX Tech 560,Unknown
Yamaha,BLACK TMAX / ABS (E.U.),Unknown
Yamaha,Tricity 125,Unknown
Yamaha,Tricity 125 ABS,Unknown
Yamaha,Tricity 155 (Philippines),Unknown
Yamaha,Tricity 155 ABS,Unknown
Yamaha,Tricity 250,Unknown
Yamaha,Tricity 300,Unknown
Yamaha,Tricity 400,Unknown
Yamaha,TTX / X-Ride (Asia),Unknown
Yamaha,150 MX King (Indonesia),Unknown
Yamaha,3CT,Unknown
Yamaha,YD1,Unknown
Yamaha,RD48,Unknown
Yamaha,AS1,Unknown
Yamaha,TA125,Unknown
Yamaha,TD1,Unknown
Yamaha,TD3,Unknown
Yamaha,TR2,Unknown
Yamaha,TR3,Unknown
Yamaha,0W48R,Unknown
Yamaha,RD56,Unknown
Yamaha,Yz80,Unknown
Yamaha,YZR500,Unknown
Yamaha,YZR-M1,Unknown
Yamaha,0W01,Unknown
Yamaha,YZE750T,Unknown
Yamaha,YZE850T,Unknown
Yamaha,CT175,Off-road
Yamaha,DT50,Off-road
Yamaha,DT80,Off-road
Yamaha,DT100,Off-road
Yamaha,DT125,Off-road
Yamaha,DT175,Off-road
Yamaha,DT200,Off-road
Yamaha,DT230,Off-road
Yamaha,DT400,Off-road
Yamaha,L5,Off-road
Yamaha,TDR125,Off-road
Yamaha,TDR250,Off-road
Yamaha,AG175,Unknown
Yamaha,LT2,Unknown
Yamaha,PW50,Unknown
Yamaha,PW80,Unknown
Yamaha,IT250H,Enduro
Yamaha,YZ125X,Enduro
Yamaha,YZ250X,Enduro
Yamaha,TY50,Unknown
Yamaha,TY80,Unknown
Yamaha,TY125,Unknown
Yamaha,TY175,Unknown
Yamaha,TY200,Unknown
Yamaha,TY250,Unknown
Yamaha,TY350,Unknown
Yamaha,LT100MX,Motocross
Yamaha,YZ50,Motocross
Yamaha,YZ60,Motocross
Yamaha,YZ65,Motocross
Yamaha,YZ85,Motocross
Yamaha,YZ100,Motocross
Yamaha,YZ175,Motocross
Yamaha,YZ360,Motocross
Yamaha,YZ400,Motocross
Yamaha,YZ490,Motocross
Yamaha,YZM500,Motocross
Yamaha,RT100,Motocross
Yamaha,SC500,Motocross
Yamaha,E-01,Unknown
Yamaha,EMF,Unknown
Yamaha,Frog,Unknown
Yamaha,Mest,Unknown
Yamaha,Eccy,Unknown
Yamaha,EC-02,Unknown
Yamaha,EC-05,Unknown
Yamaha,NEO's,Unknown
Yamaha,Passol,Unknown
Yamaha,Pocke,Unknown
Yamaha,E02,Unknown
Yamaha,GL750,Unknown
Yamaha,Luxair,Unknown
Yamaha,MAXAM 3000,Unknown 
Yamaha,OV-23XV,Unknown
Yamaha,VOX,Unknown
Yamaha,XS-V1 Sakura(15),Unknown
Yamaha,XT250X,Unknown
Yamaha,XV 950 BOLT (Café Racer),Unknown
Yamaha,Tesseract,Unknown
Yamaha,R25 Concept,Unknown
Yamaha,RZ201 Rotary,Unknown
Yamaha,Ténéré 700 World Raid,Unknown
Yamaha,01GEN,Unknown
Yamaha,1200 Venture,Unknown
Derbi,Variant SL,Unknown
Derbi,Variant SLE,Unknown
Derbi,Variant TT,Unknown
Derbi,Variant Sport,Unknown
Derbi,DS50,Unknown
Derbi,Diablo C4,Unknown
Derbi,Diablo C5,Unknown
Derbi,RD50,Unknown
Derbi,Laguna,Unknown
Derbi,Laguna Sport,Unknown
Derbi,GPR 50,Unknown
Derbi,GPR 50 Nude,Unknown
Derbi,GPR 125 4T 4V,Unknown
Derbi,Cross City 125,Unknown
Derbi,Etx 150,Unknown
Derbi,Stx 150,Unknown
Derbi,Mulhacén 125,Unknown
Derbi,Mulhacén Café 125,Unknown
Triumph,Tiger Sport 660,Unknown
Triumph,Tiger 850 Sport,Unknown
Triumph,Tiger 900 GT,Unknown
Triumph,Tiger 900 Rally,Unknown
Triumph,Tiger 1200 GT,Unknown
Triumph,Tiger 1200 Rally,Unknown
Triumph,Tiger 800,Unknown
Triumph,Tiger 900,Unknown
Triumph,Trident 660,Unknown
Triumph,Street Triple 675,Unknown
Triumph,Street Triple 765,Unknown
Triumph,Speed Triple 1050,Unknown
Triumph,Speed Triple 1200,Unknown
Triumph,Speed Four,Unknown
Triumph,Bonneville T100,Unknown
Triumph,Bonneville T120,Unknown
Triumph,Bonneville Bobber,Unknown
Triumph,Speed Twin 900,Unknown
Triumph,Speed Twin 1200,Unknown
Triumph,Thruxton 900,Unknown
Triumph,Thruxton 1200,Unknown
Triumph,Scrambler 900,Unknown
Triumph,Scrambler 1200,Unknown
Triumph,Street Twin,Unknown
Triumph,Street Cup,Unknown
Triumph,Street Scrambler,Unknown
Triumph,Speedmaster,Unknown
Triumph,Bonneville 865,Unknown
Triumph,Bonneville 790,Unknown
Triumph,Bonneville America,Unknown
Triumph,Bonneville T140,Unknown
Triumph,Daytona 500,Unknown
Triumph,Daytona 600,Unknown
Triumph,Daytona 650,Unknown
Triumph,Daytona 675,Unknown
Triumph,Daytona Moto2 765,Unknown
Triumph,Daytona 750,Unknown
Triumph,Daytona 900,Unknown
Triumph,Daytona 955i,Unknown
Triumph,Daytona 1000,Unknown
Triumph,Daytona 1200,Unknown
Triumph,Thunderbird 1600,Unknown
Triumph,Thunderbird 1700,Unknown
Triumph,Rocket III,Unknown
Triumph,America,Unknown
Triumph,Speed 400,Unknown
Triumph,Scrambler 400 X,Unknown
Harley-Davidson,Aermacchi,Unknown
Harley-Davidson,Baja 100,Unknown
Harley-Davidson,Bobcat,Unknown
Harley-Davidson,CVO Road Glide,Unknown
Harley-Davidson,CVO Road Glide Limited,Unknown
Harley-Davidson,CVO Street Glide,Unknown
Harley-Davidson,CVO Tri Glide,Unknown
Harley-Davidson,CVO Ultra Limited,Unknown
Harley-Davidson,D-series (45 solo),Unknown
Harley-Davidson,Electra Glide Highway King,Unknown
Harley-Davidson,Fat Bob FXEF FXDF,Unknown
Harley-Davidson,FL Duo Glide,Unknown
Harley-Davidson,FL Hydra Glide,Unknown
Harley-Davidson,FLFB Fat Boy,Unknown
Harley-Davidson,FLFBS Fat Boy S,Unknown
Harley-Davidson,FLHC Heritage Classic,Unknown
Harley-Davidson,FLH Electra Glide,Unknown
Harley-Davidson,FLHR,Unknown
Harley-Davidson,FLHR I Road King,Unknown
Harley-Davidson,FLHXS Street Glide Special,Unknown
Harley-Davidson,FLHS Electra Glide Sport,Unknown
Harley-Davidson,FLHT Electra Glide FLHTC-U-I,Unknown
Harley-Davidson,FLHT Electra Glide Ultra,Unknown
Harley-Davidson,FLHX Street Glide,Unknown
Harley-Davidson,FLNRS Low Rider S,Unknown
Harley-Davidson,FLSTB Night Train,Unknown
Harley-Davidson,FLSTC Heritage Softail Classic,Unknown
Harley-Davidson,FLSTFB Fat Boy Lo,Unknown
Harley-Davidson,FLSTF,Unknown
Harley-Davidson,FLSTN Heritage Softail Nostalgia,Unknown
Harley-Davidson,FLSTN Softail Deluxe,Unknown
Harley-Davidson,FLSTSB Cross Bones,Unknown
Harley-Davidson,FLSTS Softail Heritage Springer 95th Anniversary,Unknown
Harley-Davidson,FLSTSC Softail Heritage Springer Classic,Unknown
Harley-Davidson,FLT Tour Glide,Unknown
Harley-Davidson,FLTR,Unknown
Harley-Davidson,FLTR I Road Glide,Unknown
Harley-Davidson,FLS Softail Slim,Unknown
Harley-Davidson,FLS Softail Slim S,Unknown
Harley-Davidson,FLSB Sport Glide,Unknown
Harley-Davidson,FXBB Street Bob,Unknown
Harley-Davidson,FXBRS Breakout,Unknown
Harley-Davidson,FXBR Breakout,Unknown
Harley-Davidson,FXCWC Rocker C,Unknown
Harley-Davidson,FXCW Rocker,Unknown
Harley-Davidson,FXDR,Unknown
Harley-Davidson,FXDRS,Unknown
Harley-Davidson,FXFBS Fat Bob,Unknown
Harley-Davidson,FXLR Low Rider,Unknown
Harley-Davidson,FXLRS Low Rider S,Unknown
Harley-Davidson,FXLRST Low Rider ST,Unknown
Harley-Davidson,FXS Blackline,Unknown
Harley-Davidson,FXSB Breakout,Unknown
Harley-Davidson,FXST Softail,Unknown
Harley-Davidson,FXST Softail Standard,Unknown
Harley-Davidson,FXSTB Night Train,Unknown
Harley-Davidson,FXSTC Softail Custom,Unknown
Harley-Davidson,FXSTD Softail Deuce,Unknown
Harley-Davidson,FXSTS Springer Softail,Unknown
Harley-Davidson,FXSTSSE Springer Softail Screamin Eagle,Unknown
Harley-Davidson,FXSTSB Bad Boy,Unknown
Harley-Davidson,FXWT,Unknown
Harley-Davidson,Hydra Glide Revival,Unknown
Harley-Davidson,Ironhead,Unknown
Harley-Davidson,Low Glide,Unknown
Harley-Davidson,Low Rider FXS FXR FXDL,Unknown
Harley-Davidson,M-50,Unknown
Harley-Davidson,M-50 Sport,Unknown
Harley-Davidson,M-65,Unknown
Harley-Davidson,M-65 Sport,Unknown
Harley-Davidson,Model 125,Unknown
Harley-Davidson,Model 165,Unknown
Harley-Davidson,Model K and KK,Unknown
Harley-Davidson,Model KH and KHK,Unknown
Harley-Davidson,Model KR,Unknown
Harley-Davidson,Model W,Unknown
Harley-Davidson,MT350E,Unknown
Harley-Davidson,Pacer,Unknown
Harley-Davidson,R-series (45 solo R-RL-RLD),Unknown
Harley-Davidson,Ranger,Unknown
Harley-Davidson,Rapido,Unknown
Harley-Davidson,Scat,Unknown
Harley-Davidson,Servi-Car,Unknown
Harley-Davidson,Sport Glide FXRT,Unknown
Harley-Davidson,Sprint,Unknown
Harley-Davidson,SS-350,Unknown
Harley-Davidson,Sturgis FXB,Unknown
Harley-Davidson,Street 500,Unknown
Harley-Davidson,Street 750,Unknown
Harley-Davidson,Street Bob FXDB,Unknown
Harley-Davidson,Street Rod 750,Unknown
Harley-Davidson,Super 10,Unknown
Harley-Davidson,Super Glide FX FXE FXD FXD35,Unknown
Harley-Davidson,Super Glide II FXR,Unknown
Harley-Davidson,Super glide II FXRS,Unknown
Harley-Davidson,Switchback FLD,Unknown
Harley-Davidson,Topper,Unknown
Harley-Davidson,TX 125,Unknown
Harley-Davidson,W-series (45 solo W-WL-WLA-WLC-WLD-WR),Unknown
Harley-Davidson,WLA,Unknown
Harley-Davidson,XA,Unknown
Harley-Davidson,XL,Unknown
Harley-Davidson,XL EVO,Unknown
Harley-Davidson,XL Evolution,Unknown
Harley-Davidson,XL883N (Iron),Unknown
Harley-Davidson,XLCR,Unknown
Harley-Davidson,XR1000,Unknown
Harley-Davidson,XR1200(X),Unknown
Harley-Davidson,XR-750,Unknown
Indian,841,Unknown
Indian,Challenger,Unknown
Indian,Challenger Dark Horse,Unknown
Indian,Challenger Elite,Unknown
Indian,Challenger Limited,Unknown
Indian,Chief,Unknown
Indian,Chief Bobber,Unknown
Indian,Chief Bobber Dark Horse,Unknown
Indian,Chief Dark Horse,Unknown
Indian,Chief Vintage,Unknown
Indian,Chieftain,Unknown
Indian,Chieftain Classic,Unknown
Indian,Chieftain Dark Horse,Unknown
Indian,Chieftain Elite,Unknown
Indian,Chieftain Limited,Unknown
Indian,eFTR Jr,Unknown
Indian,eFTR Mini,Unknown
Indian,FTR,Unknown
Indian,FTR 1200,Unknown
Indian,FTR 1200 Rally,Unknown
Indian,FTR 1200 S,Unknown
Indian,FTR 1200 S Race Replica,Unknown
Indian,FTR Carbon,Unknown
Indian,FTR R Carbon,Unknown
Indian,Four,Unknown
Indian,Model O,Unknown
Indian,Pursuit,Unknown
Indian,Pursuit Dark Horse,Unknown
Indian,Pursuit Elite,Unknown
Indian,Pursuit Limited,Unknown
Indian,Roadmaster,Unknown
Indian,Roadmaster Classic,Unknown
Indian,Roadmaster Dark Horse,Unknown
Indian,Roadmaster Elite,Unknown
Indian,Roadmaster Limited,Unknown
Indian,Scout,Unknown
Indian,Scout 60,Unknown
Indian,Scout Bobber,Unknown
Indian,Scout Bobber Sixty,Unknown
Indian,Scout Bobber Twenty,Unknown
Indian,Scout Rogue,Unknown
Indian,Scout Rogue Sixty,Unknown